dni_doctor,experiencia,info acad,nombre,id_usuario,id_esp
74468095,Shuard,1,Galen Shuard,1,1
47328774,Lande,2,Blake Lande,2,2
66571403,Van Zon,3,Jefferey Van Zon,3,3
97930878,Troillet,4,Marita Troillet,4,4
56709809,Praundl,5,Fionna Praundl,5,5
64589060,Hebblewhite,6,Robbie Hebblewhite,6,6
92844819,Neathway,7,June Neathway,7,7
98138894,Rowley,8,Clyve Rowley,8,8
92161989,Rigbye,9,Cristin Rigbye,9,9
68153505,Kobera,10,Leesa Kobera,10,10
50789829,Vallens,11,Sianna Vallens,11,11
75893537,Short,12,Burtie Short,12,12
51495822,Thunnerclef,13,Samantha Thunnerclef,13,13
36863748,Meaddowcroft,14,Garik Meaddowcroft,14,14
76016465,Guly,15,Herve Guly,15,15
45595401,Tarren,16,Thain Tarren,16,16
86976486,Galero,17,Max Galero,17,17
91085983,Deboo,18,Francesca Deboo,18,18
18186877,Tulip,19,Eveline Tulip,19,19
63739314,Bayly,20,Archambault Bayly,20,20
73655346,Bonnin,21,Aristotle Bonnin,21,21
84374522,Tregien,22,Georgianna Tregien,22,22
06761459,Menauteau,23,Catrina Menauteau,23,23
97120866,MacGregor,24,Dedra MacGregor,24,24
06545093,Jukes,25,Teddie Jukes,25,25
07201559,Lowne,26,Orelee Lowne,26,26
15619842,Gadault,27,Galina Gadault,27,27
17284056,McElwee,28,Henry McElwee,28,28
00653693,Bodimeade,29,Ernest Bodimeade,29,29
08213765,Triswell,30,Danna Triswell,30,30
06302329,Bourthoumieux,31,Goldia Bourthoumieux,31,31
63179788,Pyatt,32,Gino Pyatt,32,32
61015519,Gosneye,33,Bobinette Gosneye,33,33
58315557,Rosling,34,Cornelle Rosling,34,34
06010052,Lilleyman,35,Gill Lilleyman,35,35
22652834,Rosenzwig,36,Alyson Rosenzwig,36,36
76882962,Plaxton,37,Bobbye Plaxton,37,37
40551579,Klugel,38,Elyssa Klugel,38,38
13354380,Boucher,39,Leighton Boucher,39,39
09107951,Abrahim,40,Jock Abrahim,40,40
42062159,Fiddler,41,Arnoldo Fiddler,41,41
19884409,Menure,42,Lynnell Menure,42,42
35157233,Jones,43,Sigismond Jones,43,43
36408291,Venable,44,Perkin Venable,44,44
15158898,Yaldren,45,Talbert Yaldren,45,45
47501083,Edinburough,46,Vinny Edinburough,46,46
62744795,Hurford,47,Nicola Hurford,47,47
82159262,Rillstone,48,Abbott Rillstone,48,48
75421403,Pimblott,49,Patten Pimblott,49,49
93273354,Darque,50,Gayel Darque,50,50
69081481,De Anesy,51,Salomon De Anesy,51,51
01329935,Huntly,52,Phillipe Huntly,52,52
37713467,MacKessock,53,Ashbey MacKessock,53,53
85837534,Gayle,54,Liliane Gayle,54,54
34386212,Hultberg,55,Tomi Hultberg,55,55
81926214,Wearing,56,Sheela Wearing,56,56
08759142,Stanyan,57,Sven Stanyan,57,57
08970420,Markus,58,Aldon Markus,58,58
63218039,Gedling,59,Crissie Gedling,59,59
86885920,Kettlesing,60,Kassey Kettlesing,60,60
02900858,O'Mara,61,Aldus O'Mara,61,61
44483198,Scally,62,Jami Scally,62,62
02998088,Daintry,63,Chelsie Daintry,63,63
81562294,Yeskov,64,Larisa Yeskov,64,64
10484437,Gounod,65,Park Gounod,65,65
74708959,Hrishanok,66,Joline Hrishanok,66,66
63601200,Vickors,67,Josi Vickors,67,67
16043294,Skim,68,Edgardo Skim,68,68
74268457,Sinney,69,Clevey Sinney,69,69
58009379,Hornig,70,Morganne Hornig,70,70
10918240,Gosalvez,71,Winnifred Gosalvez,71,71
25893129,Merrick,72,Waly Merrick,72,72
25262576,Chatan,73,Flss Chatan,73,73
21866336,Ramsdale,74,Joseito Ramsdale,74,74
15362851,Poles,75,Wendye Poles,75,75
18035593,Kasting,76,Brittani Kasting,76,76
00626594,Duffield,77,Nevile Duffield,77,77
81187714,Janikowski,78,Babara Janikowski,78,78
64903701,Coulman,79,Bambie Coulman,79,79
30045394,Ends,80,Aurilia Ends,80,80
02438022,Krugmann,81,Nathanil Krugmann,81,81
90948147,Verna,82,Michal Verna,82,82
32074156,Pyvis,83,Karmen Pyvis,83,83
72052723,Beathem,84,Vanya Beathem,84,84
80875705,Lambird,85,Alicea Lambird,85,85
02605982,Whanstall,86,Temple Whanstall,86,86
62258420,Addenbrooke,87,Ariadne Addenbrooke,87,87
93068298,Simonsen,88,Jessalyn Simonsen,88,88
96579062,Orritt,89,Maure Orritt,89,89
18304640,Mesant,90,Galvan Mesant,90,90
97418814,Holsall,91,Nadiya Holsall,91,91
98747668,Vaggers,92,Chance Vaggers,92,92
97191622,Carlesi,93,Clari Carlesi,93,93
98851901,Magarrell,94,Estella Magarrell,94,94
03328961,Goodship,95,Aarika Goodship,95,95
98258313,Melliard,96,Mitchel Melliard,96,96
80637760,Querree,97,Emanuel Querree,97,97
26277199,Brugden,98,Pip Brugden,98,98
72020815,Dunstan,99,Rodney Dunstan,99,99
40468468,MacGall,100,Debee MacGall,100,100
65754612,Robez,101,Kirsti Robez,101,101
91368736,Bessey,102,Shaw Bessey,102,102
03332195,Huttley,103,Lek Huttley,103,103
61642814,Johanning,104,Karel Johanning,104,104
61148849,Ruddlesden,105,Iris Ruddlesden,105,105
80733714,Timmermann,106,Karola Timmermann,106,106
13875059,Coyle,107,Shea Coyle,107,107
69492462,Ruspine,108,Orelie Ruspine,108,108
32648645,Connors,109,Alanna Connors,109,109
70685176,Surcomb,110,Agata Surcomb,110,110
94354219,Maypole,111,Milo Maypole,111,111
18758187,Aluard,112,Ryann Aluard,112,112
74300214,Queenborough,113,Emmy Queenborough,113,113
89337409,Christie,114,Kliment Christie,114,114
41706252,Ollington,115,Chicky Ollington,115,115
49537701,Tutin,116,Olivia Tutin,116,116
24497567,Pickton,117,Trixie Pickton,117,117
79811146,Ciccarello,118,Lydia Ciccarello,118,118
90780954,McAlister,119,Pincus McAlister,119,119
47852618,Fortun,120,Biron Fortun,120,120
90243692,Ouldcott,121,Ryon Ouldcott,121,121
86365939,McAvey,122,Ruttger McAvey,122,122
03046332,Vercruysse,123,Wade Vercruysse,123,123
73252164,Brandenberg,124,Allyn Brandenberg,124,124
52634662,Gawthrope,125,Ermentrude Gawthrope,125,125
08413661,Queen,126,Hendrick Queen,126,126
61886752,Codrington,127,Bree Codrington,127,127
16198037,Sturzaker,128,Zolly Sturzaker,128,128
97219413,Egerton,129,Jeannie Egerton,129,129
73258327,Giacobillo,130,Hynda Giacobillo,130,130
27009161,Marciskewski,131,Dania Marciskewski,131,131
75979835,Lougheed,132,Mari Lougheed,132,132
95468859,Godbehere,133,Zollie Godbehere,133,133
20472352,Bevington,134,Brandie Bevington,134,134
70173816,Cansdill,135,Emelen Cansdill,135,135
26647700,Gable,136,Lyndsay Gable,136,136
00769377,Guilloneau,137,Doralia Guilloneau,137,137
67536977,Dreye,138,Ephrem Dreye,138,138
33831431,Polak,139,Amanda Polak,139,139
83903804,Khalid,140,Leann Khalid,140,140
78977094,Bellham,141,Hussein Bellham,141,141
87423522,Blewmen,142,Pamelina Blewmen,142,142
80435941,Cafferky,143,Hyacinthe Cafferky,143,143
74820135,Gue,144,Anthia Gue,144,144
03995249,Frensch,145,Brody Frensch,145,145
52689662,Oxer,146,Federica Oxer,146,146
12913813,Poxson,147,Ax Poxson,147,147
82662700,Leeman,148,Mariam Leeman,148,148
15060616,Goldstein,149,Alain Goldstein,149,149
42982095,Scattergood,150,Lavinia Scattergood,150,150
53282824,Learoyde,151,Elsa Learoyde,151,151
87054071,Hoofe,152,Trisha Hoofe,152,152
70856056,Foxall,153,Redd Foxall,153,153
16820560,Felgate,154,Deck Felgate,154,154
57345072,Cowley,155,Candida Cowley,155,155
32128718,Deverick,156,Emelita Deverick,156,156
82188402,Baggalley,157,Cairistiona Baggalley,157,157
04489594,Crutch,158,Kevyn Crutch,158,158
59851972,O'Hagirtie,159,Cris O'Hagirtie,159,159
29914385,Treher,160,Loy Treher,160,160
39631004,Mithan,161,Martynne Mithan,161,161
72441820,Behrend,162,Rice Behrend,162,162
54005978,Napoleon,163,Monica Napoleon,163,163
82884067,Izatson,164,Charissa Izatson,164,164
30049911,Boig,165,Geoffrey Boig,165,165
49912203,Salerno,166,Celinda Salerno,166,166
70315544,Duigenan,167,Micki Duigenan,167,167
99140700,Layus,168,Myrtie Layus,168,168
46141498,Bruins,169,Estell Bruins,169,169
81314188,Muff,170,Yehudit Muff,170,170
17390248,Larder,171,Jonie Larder,171,171
68736332,Fidelus,172,Alard Fidelus,172,172
75215190,Lorrie,173,Zane Lorrie,173,173
34375691,Tatlow,174,Samuel Tatlow,174,174
56643757,Clapison,175,Torin Clapison,175,175
38815376,Guerrazzi,176,Rand Guerrazzi,176,176
86082797,Allington,177,Danit Allington,177,177
08579892,Brothwell,178,Bartholomeo Brothwell,178,178
08748553,Balma,179,Allyn Balma,179,179
02363616,Sayce,180,Mora Sayce,180,180
18981817,Rabbe,181,Theo Rabbe,181,181
70377748,Tanslie,182,Anita Tanslie,182,182
41929866,McKerlie,183,Flossy McKerlie,183,183
92782723,Bazely,184,Annalee Bazely,184,184
11724128,Lumox,185,Catlee Lumox,185,185
06739111,Sinfield,186,Ki Sinfield,186,186
35563255,Maffey,187,Valene Maffey,187,187
74791005,Akister,188,Tedra Akister,188,188
97132164,Dumphrey,189,Pen Dumphrey,189,189
79082831,Ivashov,190,Henry Ivashov,190,190
38598800,Palfery,191,Morganne Palfery,191,191
70030991,Howgego,192,Koren Howgego,192,192
08898281,Gorring,193,Helen-elizabeth Gorring,193,193
93899551,Ennion,194,Dael Ennion,194,194
55624622,Dowsing,195,Ado Dowsing,195,195
99987683,Upcraft,196,Staci Upcraft,196,196
98015432,Le Bosse,197,Katya Le Bosse,197,197
32686636,Bridson,198,Ivette Bridson,198,198
94689100,Wilds,199,Golda Wilds,199,199
60390194,Blizard,200,Wenona Blizard,200,200
30111134,Auguste,201,Sallie Auguste,201,201
13634320,Slight,202,Etan Slight,202,202
99598469,Worrall,203,Cami Worrall,203,203
41120395,Cliss,204,Richard Cliss,204,204
72166883,Ozintsev,205,Robinetta Ozintsev,205,205
22363501,Townby,206,Raynell Townby,206,206
88688054,Elldred,207,Fleur Elldred,207,207
07168738,Erb,208,Peyton Erb,208,208
08993552,Plank,209,Max Plank,209,209
11160112,Wingeatt,210,Chrotoem Wingeatt,210,210
20961570,Northleigh,211,Flossy Northleigh,211,211
49445547,Suatt,212,Terrell Suatt,212,212
10998664,Belleny,213,Chloette Belleny,213,213
19889337,McWilliams,214,Aleksandr McWilliams,214,214
54808615,Harflete,215,Trace Harflete,215,215
59011335,Ansteys,216,Nicolina Ansteys,216,216
37445504,Frodsham,217,Lindy Frodsham,217,217
00158586,Brecknock,218,Saw Brecknock,218,218
89493181,Bestman,219,Durward Bestman,219,219
10404129,Hugnet,220,Anna Hugnet,220,220
70714305,Catherine,221,Neron Catherine,221,221
88306271,Cornes,222,Nancey Cornes,222,222
03111887,Styan,223,Marja Styan,223,223
42722855,Gilffillan,224,Chelsea Gilffillan,224,224
55604992,Bartlett,225,Laurie Bartlett,225,225
09383591,Covington,226,Alain Covington,226,226
22351942,Rougier,227,Jammal Rougier,227,227
73473332,Ehrat,228,Siobhan Ehrat,228,228
01622730,Ivanchikov,229,Nelle Ivanchikov,229,229
04879654,Novkovic,230,Caresa Novkovic,230,230
95795009,Tregiddo,231,Diann Tregiddo,231,231
50587166,Axtens,232,Lizzy Axtens,232,232
66441764,Lunge,233,Maggi Lunge,233,233
55346415,Labrum,234,Sherm Labrum,234,234
98466355,Selland,235,Fidelity Selland,235,235
97010381,Spilsbury,236,Jewel Spilsbury,236,236
27035257,Halksworth,237,Hector Halksworth,237,237
68278118,Breakspear,238,Gabriell Breakspear,238,238
27385448,Golbourn,239,Selia Golbourn,239,239
02517209,Mounter,240,Lark Mounter,240,240
42356956,Willatts,241,Moina Willatts,241,241
15425611,Tinkham,242,Angel Tinkham,242,242
90104392,Tofful,243,Bordy Tofful,243,243
99404579,Murdy,244,Rafael Murdy,244,244
45194476,Steinor,245,Tomas Steinor,245,245
59562649,Peggs,246,Kit Peggs,246,246
67623524,Keatley,247,Packston Keatley,247,247
87136806,Moorhouse,248,Averell Moorhouse,248,248
20326309,Vampouille,249,Ernst Vampouille,249,249
84072901,Tranmer,250,Lauralee Tranmer,250,250
34337237,Prestney,251,Anstice Prestney,251,251
69380380,Pearson,252,Tedmund Pearson,252,252
88800795,Zappel,253,Marlee Zappel,253,253
23696665,Phizackerly,254,Mathias Phizackerly,254,254
55720526,July,255,Derrick July,255,255
91743436,Giovannazzi,256,Warren Giovannazzi,256,256
12419250,Hamnett,257,Raquel Hamnett,257,257
46560992,Pirozzi,258,Alfy Pirozzi,258,258
91042937,Mottley,259,Felecia Mottley,259,259
00956725,Stansbury,260,Alverta Stansbury,260,260
13780223,Bagley,261,Madeline Bagley,261,261
54709574,Hearon,262,Lorene Hearon,262,262
09475634,Robison,263,Skell Robison,263,263
09623876,Barbara,264,Rourke Barbara,264,264
72779636,Scarlet,265,Bryna Scarlet,265,265
93055041,Mollindinia,266,Kattie Mollindinia,266,266
78612886,Boylund,267,Robinette Boylund,267,267
99572865,Blader,268,Jaimie Blader,268,268
13148008,Vasquez,269,Gayle Vasquez,269,269
37866468,Leither,270,Jodee Leither,270,270
83934625,Stivens,271,Charlton Stivens,271,271
97427726,Lote,272,Gavan Lote,272,272
01482439,Freddi,273,Chrissy Freddi,273,273
39202605,Killiner,274,Pia Killiner,274,274
47038694,Dixon,275,Perrine Dixon,275,275
28475789,Timlin,276,Danice Timlin,276,276
68428787,Bollans,277,Jarret Bollans,277,277
84894484,Terney,278,Modesty Terney,278,278
60856926,Morey,279,Adelle Morey,279,279
74703894,Eastmead,280,Fair Eastmead,280,280
19047694,Lukas,281,Jourdan Lukas,281,281
96034379,Keer,282,Isidor Keer,282,282
80894055,Stanaway,283,Anabelle Stanaway,283,283
19562064,Haighton,284,Lenee Haighton,284,284
70439205,Gostage,285,Franciska Gostage,285,285
54160717,Womersley,286,Casar Womersley,286,286
91615100,Sapsford,287,Minetta Sapsford,287,287
04766851,Garbert,288,Justinian Garbert,288,288
61771448,McCrillis,289,Juliane McCrillis,289,289
13882412,Zanre,290,Bob Zanre,290,290
75844577,Keatch,291,Innis Keatch,291,291
05306299,Cumberpatch,292,Ame Cumberpatch,292,292
80919412,Wolseley,293,Bertha Wolseley,293,293
89510841,Steventon,294,Bobbye Steventon,294,294
60442733,Randalston,295,Pietro Randalston,295,295
35649624,Sowerby,296,Dale Sowerby,296,296
50942381,Ubank,297,Orrin Ubank,297,297
17352633,Murthwaite,298,Shani Murthwaite,298,298
82151858,Surman,299,Kenton Surman,299,299
91077596,Yoxen,300,Reeva Yoxen,300,300
75573814,Ellingham,301,Drona Ellingham,301,301
38005164,Carthy,302,Thea Carthy,302,302
20070879,Hamlington,303,Alfy Hamlington,303,303
71983867,Shipley,304,Perceval Shipley,304,304
22773813,Natt,305,Rafaelita Natt,305,305
47546642,Hassan,306,Gregor Hassan,306,306
01009629,Puttergill,307,Chryste Puttergill,307,307
42741202,Braganca,308,Pauly Braganca,308,308
31707449,Swainson,309,Ted Swainson,309,309
23695908,Muscroft,310,Sharai Muscroft,310,310
04879849,Werndly,311,Scotti Werndly,311,311
29043418,Darlow,312,Codie Darlow,312,312
24356772,Rubenov,313,Brenna Rubenov,313,313
47444042,Tipper,314,Rafe Tipper,314,314
60464342,Paniman,315,Kenneth Paniman,315,315
50702369,Szymanowski,316,Siobhan Szymanowski,316,316
10385682,Martinets,317,Davon Martinets,317,317
21375013,Rakes,318,Sibeal Rakes,318,318
74782684,Rendle,319,Mehetabel Rendle,319,319
84160303,Quarterman,320,Elmira Quarterman,320,320
90256399,Danjoie,321,Florida Danjoie,321,321
84288502,Lujan,322,Nerta Lujan,322,322
11757909,Cavalier,323,Cordula Cavalier,323,323
30907706,Fossord,324,Quintana Fossord,324,324
89787404,Larman,325,Stefa Larman,325,325
95045081,Markham,326,Rex Markham,326,326
12780408,Jimes,327,Felecia Jimes,327,327
50425681,Hoovart,328,Tull Hoovart,328,328
74056956,Bonevant,329,Fawnia Bonevant,329,329
60196393,Steinham,330,Lynda Steinham,330,330
65081555,Messier,331,Tore Messier,331,331
07044436,Pell,332,Wendie Pell,332,332
86746134,Sconce,333,Mignonne Sconce,333,333
48984756,Westrip,334,Filberto Westrip,334,334
92536665,Schrader,335,Stephenie Schrader,335,335
12180813,Daleman,336,Othelia Daleman,336,336
24988068,Rainsden,337,Peyton Rainsden,337,337
14183953,Kingham,338,Gianina Kingham,338,338
63304768,Espinoy,339,Zora Espinoy,339,339
94354127,McKeurton,340,Kiri McKeurton,340,340
10087059,Chappel,341,Alikee Chappel,341,341
20248623,Valett,342,Jackie Valett,342,342
21490357,Sambles,343,Hersch Sambles,343,343
38892039,Castanos,344,Irena Castanos,344,344
65452032,Betty,345,Geno Betty,345,345
99182194,Addicote,346,Gay Addicote,346,346
73312915,Eadie,347,Mallory Eadie,347,347
33447181,de Broke,348,Desmund de Broke,348,348
94239498,Boutcher,349,Wiley Boutcher,349,349
18955840,Tracey,350,Aliza Tracey,350,350
21039152,Starmore,351,Claresta Starmore,351,351
72061279,Gwynne,352,Johnette Gwynne,352,352
49004032,Govan,353,Maynard Govan,353,353
91901263,Moffett,354,Iseabal Moffett,354,354
23398110,Haston,355,Findlay Haston,355,355
69620478,Dugall,356,Belva Dugall,356,356
29441480,Vedeniktov,357,Alberik Vedeniktov,357,357
49196220,Dulling,358,Hayley Dulling,358,358
20834863,Rumsby,359,Towny Rumsby,359,359
65318053,Gaskall,360,Hugh Gaskall,360,360
19066134,Becket,361,Vidovik Becket,361,361
95749805,Preto,362,Sher Preto,362,362
81446135,Lesser,363,Ranee Lesser,363,363
42140867,Antonopoulos,364,Leigha Antonopoulos,364,364
29209087,Maywood,365,Geralda Maywood,365,365
53636168,Prujean,366,Elwood Prujean,366,366
93598236,Murrell,367,Hercule Murrell,367,367
96840935,Filipiak,368,Gaile Filipiak,368,368
47320771,Lambillion,369,Doro Lambillion,369,369
61103651,Yakobowitz,370,Claudian Yakobowitz,370,370
64847473,Sywell,371,Shoshana Sywell,371,371
04664298,Pellamonuten,372,Binky Pellamonuten,372,372
00008744,Hauxwell,373,Royce Hauxwell,373,373
40801084,Turvie,374,Giraldo Turvie,374,374
16415651,Cragoe,375,Luke Cragoe,375,375
94245035,Bargery,376,Connie Bargery,376,376
05846235,Dancer,377,Olivette Dancer,377,377
40661001,Le Guin,378,Lucia Le Guin,378,378
55991114,L'Homme,379,Roseline L'Homme,379,379
89477361,Rosenthal,380,Tessy Rosenthal,380,380
87679135,Callaby,381,Spense Callaby,381,381
39195668,Merkle,382,Yetty Merkle,382,382
53162605,Di Baudi,383,Vivie Di Baudi,383,383
50767074,Tomaszczyk,384,Rhea Tomaszczyk,384,384
23846463,Goodie,385,Gwenora Goodie,385,385
77080069,Lorking,386,Sayre Lorking,386,386
39328116,Hosby,387,Nichols Hosby,387,387
70573646,Inchcomb,388,Marnie Inchcomb,388,388
49950249,Kipling,389,Laverne Kipling,389,389
34238883,Le Noury,390,Tersina Le Noury,390,390
13585735,Vinden,391,Fax Vinden,391,391
08130168,Muttock,392,Aleda Muttock,392,392
93020816,Byllam,393,Phedra Byllam,393,393
82167466,Mount,394,Merle Mount,394,394
85918413,Corck,395,Jacenta Corck,395,395
74091653,Carabine,396,Joan Carabine,396,396
10727970,Billany,397,Lena Billany,397,397
94527114,Yeandel,398,Ruthie Yeandel,398,398
73403084,Dripps,399,Iseabal Dripps,399,399
14005433,Boothebie,400,Britta Boothebie,400,400
71778888,Trumble,401,Ollie Trumble,401,401
11367095,Twinborne,402,Wheeler Twinborne,402,402
24557965,Ellinor,403,Farica Ellinor,403,403
13512397,Shinfield,404,Beryl Shinfield,404,404
21371794,Gibbons,405,Luke Gibbons,405,405
16478643,Marcoolyn,406,Way Marcoolyn,406,406
17441733,Burmingham,407,Glynis Burmingham,407,407
29960029,Buglass,408,Trip Buglass,408,408
04951059,Ramsey,409,Janek Ramsey,409,409
84289556,Gillett,410,Emanuel Gillett,410,410
56513614,Killwick,411,Nata Killwick,411,411
73555827,Riveles,412,Free Riveles,412,412
09786056,Treher,413,Nelie Treher,413,413
58279428,Cornell,414,Archy Cornell,414,414
48275492,Brimilcombe,415,Pincus Brimilcombe,415,415
38185723,Sucre,416,Noe Sucre,416,416
81942624,Farguhar,417,Danita Farguhar,417,417
13481361,Cousen,418,Carla Cousen,418,418
78379754,Forre,419,Cherish Forre,419,419
58607555,Jerg,420,Therine Jerg,420,420
37666445,Copnall,421,Blair Copnall,421,421
64393236,Liveley,422,Prescott Liveley,422,422
81338546,Jollie,423,Addy Jollie,423,423
06135469,Ricardet,424,Neille Ricardet,424,424
25963112,Extal,425,Obie Extal,425,425
46567855,Freckingham,426,Audrye Freckingham,426,426
06005289,Stoite,427,Leland Stoite,427,427
67661620,Busfield,428,Eda Busfield,428,428
28679328,Berrigan,429,Traci Berrigan,429,429
02505103,Roddick,430,Beverie Roddick,430,430
42947893,Shearstone,431,Liz Shearstone,431,431
64919201,Measures,432,Ingrim Measures,432,432
24263356,Aizikowitz,433,Lib Aizikowitz,433,433
49047177,Golsworthy,434,Jeromy Golsworthy,434,434
60226647,Angood,435,Gaven Angood,435,435
16641864,Maybury,436,Drucy Maybury,436,436
01806857,Leech,437,Luce Leech,437,437
92099677,Gostridge,438,Linet Gostridge,438,438
11167443,Boston,439,Nert Boston,439,439
31355180,Cloute,440,Ellery Cloute,440,440
37835414,Schindler,441,Avril Schindler,441,441
11675559,Freckelton,442,Schuyler Freckelton,442,442
77481757,Clemenzi,443,Glynnis Clemenzi,443,443
07468741,Maxted,444,Skylar Maxted,444,444
67917066,MacQuaker,445,Germain MacQuaker,445,445
71363391,Arnefield,446,Chas Arnefield,446,446
24748612,Jellett,447,Martin Jellett,447,447
51060276,Cunniffe,448,Doralynn Cunniffe,448,448
36017902,Spinage,449,Ricoriki Spinage,449,449
34300606,Maevela,450,Golda Maevela,450,450
80994599,Tann,451,Kaitlynn Tann,451,451
55334105,Redier,452,Jimmy Redier,452,452
19483515,Castiglioni,453,Jeffy Castiglioni,453,453
28541962,Lerner,454,Sheila-kathryn Lerner,454,454
65079185,Halwell,455,Cooper Halwell,455,455
43852730,Reeson,456,Jaclin Reeson,456,456
12597353,Waleran,457,Maximilien Waleran,457,457
45567396,Fawlo,458,Sara Fawlo,458,458
74776475,Annable,459,Theresa Annable,459,459
76959339,Alywin,460,Caterina Alywin,460,460
70267895,Matiashvili,461,Hattie Matiashvili,461,461
81753946,Jeaycock,462,Renado Jeaycock,462,462
45010451,Gallaher,463,Warren Gallaher,463,463
81592200,Ruckman,464,Amandie Ruckman,464,464
04133484,Gostridge,465,Nan Gostridge,465,465
05982273,Tunbridge,466,Innis Tunbridge,466,466
89656894,Baldrey,467,Bethina Baldrey,467,467
47388010,Hadcroft,468,Kipp Hadcroft,468,468
45468991,Orteu,469,Ramonda Orteu,469,469
62652262,Hendriks,470,Flora Hendriks,470,470
20585202,Linturn,471,Trevar Linturn,471,471
07702877,Whetnall,472,Salli Whetnall,472,472
77506115,Santoro,473,Dion Santoro,473,473
54315511,Jouhandeau,474,Gradeigh Jouhandeau,474,474
32998043,Cassam,475,Cordula Cassam,475,475
30442412,Sulley,476,Randie Sulley,476,476
87152988,Dincke,477,Vale Dincke,477,477
99484852,Rey,478,Irwin Rey,478,478
46984161,Bartlosz,479,Glenine Bartlosz,479,479
40134516,MacEveley,480,Reginauld MacEveley,480,480
62439275,Kirwin,481,Carey Kirwin,481,481
37726964,Newstead,482,Annabel Newstead,482,482
31193461,Wingate,483,Hersh Wingate,483,483
34738122,Wonfar,484,Oberon Wonfar,484,484
37731649,Beedom,485,Sal Beedom,485,485
11893492,Normanton,486,Debera Normanton,486,486
27294575,Pentelow,487,Andrus Pentelow,487,487
74375462,Burman,488,Glennis Burman,488,488
90882281,Van Velde,489,Monique Van Velde,489,489
75580373,Antcliff,490,Kathryne Antcliff,490,490
02797141,Teather,491,Kari Teather,491,491
88669364,Jerzyk,492,Zabrina Jerzyk,492,492
17984283,Loddon,493,Brett Loddon,493,493
02090737,Beddard,494,Ilsa Beddard,494,494
29675501,Aspinell,495,Spense Aspinell,495,495
62572269,Pembry,496,Eli Pembry,496,496
33099624,Oleksinski,497,Penni Oleksinski,497,497
56816326,Hymas,498,Vincenty Hymas,498,498
66451996,Slipper,499,Linn Slipper,499,499
19438169,Call,500,Kriste Call,500,500
83555692,Pinkie,501,Randolph Pinkie,501,501
21675417,Josskowitz,502,Klaus Josskowitz,502,502
67927725,Tummasutti,503,Sanders Tummasutti,503,503
55391923,Simchenko,504,Zachariah Simchenko,504,504
32289739,Boothebie,505,Caryn Boothebie,505,505
00470753,Deinhardt,506,Jaynell Deinhardt,506,506
54867518,Aberkirdo,507,Sofie Aberkirdo,507,507
52651555,Hewins,508,Nikolas Hewins,508,508
36090836,Cranch,509,Pippo Cranch,509,509
79033432,Garn,510,Tammie Garn,510,510
27323441,Mountford,511,Goraud Mountford,511,511
30241850,Heister,512,Carrol Heister,512,512
85724736,Frostick,513,Bondon Frostick,513,513
21514051,Lessmare,514,Anastasie Lessmare,514,514
36023159,Eschalette,515,Tawsha Eschalette,515,515
41490965,Frichley,516,Corliss Frichley,516,516
00446760,Matkin,517,Ailey Matkin,517,517
40732788,Anscott,518,Jae Anscott,518,518
47957897,Buyers,519,Adrien Buyers,519,519
10085361,Handrahan,520,Carlee Handrahan,520,520
07332532,Lifsey,521,Nappie Lifsey,521,521
14344182,Mathevon,522,Lusa Mathevon,522,522
67657706,Keuntje,523,Hedwiga Keuntje,523,523
09176839,Harness,524,Candis Harness,524,524
20792078,Tutton,525,Stanton Tutton,525,525
42918995,Cattroll,526,Carline Cattroll,526,526
90023714,Rodman,527,Odie Rodman,527,527
24836544,Remer,528,Quillan Remer,528,528
62278099,Doneld,529,Vergil Doneld,529,529
54593629,Henzley,530,Harrietta Henzley,530,530
34107345,Rosendorf,531,Erin Rosendorf,531,531
47944990,Wolstencroft,532,Harwell Wolstencroft,532,532
58250551,Kirsopp,533,Larissa Kirsopp,533,533
87142655,Castelletto,534,Annissa Castelletto,534,534
69029078,Jackett,535,Sargent Jackett,535,535
82322981,Guiduzzi,536,Gwendolyn Guiduzzi,536,536
33633157,Macieiczyk,537,Kennedy Macieiczyk,537,537
71648259,Jurges,538,Roddy Jurges,538,538
86682034,Mallabone,539,Tabor Mallabone,539,539
43535529,Tomenson,540,Jefferey Tomenson,540,540
59211861,Duiged,541,Janessa Duiged,541,541
22181365,Dodle,542,Lula Dodle,542,542
40939918,Spridgeon,543,Ellswerth Spridgeon,543,543
80413193,McPhail,544,Monika McPhail,544,544
21718171,Dodworth,545,Juanita Dodworth,545,545
75506539,Pougher,546,Silvain Pougher,546,546
87163909,Ransom,547,Wilek Ransom,547,547
32691771,Garry,548,Mala Garry,548,548
97889968,O' Driscoll,549,Rodolphe O' Driscoll,549,549
97138433,Schleicher,550,Clevie Schleicher,550,550
29023808,Commins,551,Kevon Commins,551,551
00462611,Challiner,552,Bing Challiner,552,552
66844017,Gammett,553,Peria Gammett,553,553
62255776,Prichard,554,Spence Prichard,554,554
46418905,O'Skehan,555,Jesse O'Skehan,555,555
19588928,Couve,556,Pete Couve,556,556
68488744,Echallie,557,Sherye Echallie,557,557
61351201,Stonuary,558,Saree Stonuary,558,558
07739558,Wank,559,Ingaborg Wank,559,559
68578149,Jandera,560,Bridget Jandera,560,560
01644167,McGrady,561,Philippe McGrady,561,561
49422040,Handlin,562,Jessalin Handlin,562,562
64816489,Peaden,563,Layney Peaden,563,563
16421731,Milmoe,564,Priscilla Milmoe,564,564
32865872,O'Grogane,565,Weider O'Grogane,565,565
67802805,Keyson,566,Chauncey Keyson,566,566
38285563,Jolin,567,Marcelo Jolin,567,567
52173553,Cunah,568,Bertine Cunah,568,568
13677565,Algate,569,Karie Algate,569,569
37880833,Pottle,570,Tabitha Pottle,570,570
62401305,Boorne,571,Goldia Boorne,571,571
56060912,Cowterd,572,Stacee Cowterd,572,572
37686880,Sleightholm,573,Moss Sleightholm,573,573
19313531,Stenett,574,Federica Stenett,574,574
69494561,Dalziel,575,Tania Dalziel,575,575
24234924,Abrahamsohn,576,Becca Abrahamsohn,576,576
32849278,Feifer,577,Luce Feifer,577,577
97322798,Rapp,578,Ermentrude Rapp,578,578
23502394,Cardoso,579,Hilary Cardoso,579,579
52819672,Mulvey,580,Darren Mulvey,580,580
21384376,Kornyshev,581,Blane Kornyshev,581,581
38041757,Alaway,582,Justen Alaway,582,582
50601290,Stears,583,Tory Stears,583,583
28047395,Fantone,584,Patricia Fantone,584,584
46242850,McConville,585,Ginny McConville,585,585
42891991,Fruchter,586,Manny Fruchter,586,586
29802180,Faulkner,587,Althea Faulkner,587,587
78971672,Thicking,588,Aubine Thicking,588,588
27426976,Burgise,589,Claudianus Burgise,589,589
72935649,Ivashinnikov,590,Aleksandr Ivashinnikov,590,590
47604359,Jentin,591,Lester Jentin,591,591
75982208,Symmers,592,Mariam Symmers,592,592
32869060,Ralton,593,Shena Ralton,593,593
07126108,Eallis,594,Lucias Eallis,594,594
37503221,Correa,595,Kellsie Correa,595,595
17529725,Seiler,596,Mavra Seiler,596,596
12883091,Rankling,597,Skip Rankling,597,597
45920648,Menchenton,598,Reagan Menchenton,598,598
06720597,Halbeard,599,Wilton Halbeard,599,599
14970490,McGuff,600,Marjie McGuff,600,600
