id_med,nombre
med17042,Venlafaxine Hydrochloride
med32540,SULFAMETHOXAZOLE AND TRIMETHOPRIM
med34176,Vitamin A and D
med30084,Amitriptyline Hydrochloride
med60868,Fosinopril Sodium
med75364,Neomycin and Polymyxin B Sulfates and Hydrocortisone
med63506,ALLANTOIN ADENOSINE
med61502,Zolpidem Tartrate
med75302,sulfacetamide sodium
med25931,Avobenzone and Homosalate and Octocrylene and Oxybenzone
med93862,Lorazepam
med38436,VORICONAZOLE
med02787,venlafaxine hydrochloride
med57915,Minoxidil
med46370,Atorvastatin Calcium
med03601,Enalapril Maleate
med11410,venlafaxine hydrochloride
med73837,Ibuprofen
med26439,"Dextromethorphan Hydrobromide, Guaifenesin, and Pseudoephedrine Hydrochloride"
med72624,PETROLATUM
med40783,Gabapentin
med00469,Hyoscyamine Sulfate
med00279,sumatriptan succinate
med42723,Sotalol Hydrochloride
med56754,Acetaminophen
med81807,Spasms Weakness
med31693,Antibacterial
med75108,Salicylic Acid
med60848,"Octinoxate, Avobenzone, Oxybenzone, Titanium Dioxide"
med85475,Acetaminophen
med44182,Gentamicin Sulfate
med41795,enalapril maleate
med80768,Acetaminophen and Phenylephrine HCl
med12916,Aurum 6
med35811,Birch
med99380,Levothyroxine sodium
med43669,Esomeprazole magnesium
med79357,tenofovir disoproxil fumarate
med04146,Green Bell Pepper
med28680,cetirizine hydrochloride
med55362,ISodium Chloride
med41413,Bisacodyl
med49092,Mupirocin
med90873,Tizanidine
med28964,conjugated estrogens
med44211,POTASSIUM CHLORIDE
med38582,Propranolol Hydrochloride
med12409,Mirtazapine
med79457,"bacitracin, neomycin, polymyxin B"
med65093,Oxygen
med24347,"AVOBENZONE, OCTINOXATE, and OXYBENZONE"
med77565,"OCTINOXATE, TITANIUM DIOXIDE"
med79155,Isopropyl alcohol
med65388,TRICLOCARBAN
med41533,Metformin Hydrochloride
med02653,gadodiamide
med64733,Treatment Set TS350534
med16923,Salicylic acid
med54896,Lisinopril
med92408,Helminthosporium sativum
med36964,Salicylic Acid
med40403,Bromine
med28474,clindamycin hydrochloride
med19184,EUCALYPTOL
med33888,oxybutynin chloride
med86196,Hydroxyzine Hydrochloride
med81392,zinc oxide
med64885,Miconazole nitrate
med62548,ALCOHOL
med65619,alprazolam
med56449,"AVOBENZONE, OCTOCRYLENE, OCTINOXATE, SULISOBENZONE"
med18476,CLONAZEPAM
med42066,Methocarbamol
med88072,benzyl alcohol
med82153,Hydroquinone
med62381,Diphenhydramine Hydrochloride
med61216,Olanzapine and Fluoxetine hydrochloride
med40978,Lansoprazole
med78352,"Avobenzone, Homosalate, Octisalate, Octocrylene, and Oxybenzone"
med11416,MAMMAL LIVER PULSATILLA VULGARIS ACHILLEA MILLEFOLIUM
med87975,Groundsel
med61699,penicillium chrysogenum var. chrysogenum
med06698,Atenolol and Chlorthalidone
med57463,potassium nitrate and sodium fluoride
med53019,ALCOHOL
med43603,Triclosan
med58198,Honeydew
med85287,dalteparin sodium
med09796,Losartan Potassium
med85415,ANASTROZOLE
med65573,ASPIRIN
med71655,Ibuprofen
med06813,Anticoagulant Citrate Phosphate Dextrose Adenine
med97025,divalproex sodium
med23146,Titanium Dioxide
med05044,"Avobenzone, Homosalate, Octisalate, Octocrylene and Oxybenzone"
med72667,drospirenone and ethinyl estradiol
med92297,"Ammonium Carbonicum, Apis Mellifica, Argentum Metallicum, Arsenicum Album, Dulcamara, Mezereum"
med77880,Sheep Sorrel
med14075,Titanium Dioxide and Zinc Oxide
med78815,"Alianthus, Ana barbariae, Arsenicum album, Byronia, Eucalyptus, Eupatorium perfoliatum, Gelsemium, Glycerinum, Influenzinum, Mercurius vivus, Phytolacca, Sticta pulmonaria"
med33656,Perphenazine
med61600,Citalopram Hydrobromide
med27648,Scorodite Prunus
med01117,"Mineral oil, Petrolatum, Phenylephrine HCl, Shark liver oil"
med49295,Divalproex Sodium
med49958,Penicillium chrysogenum
med75222,Alcohol
med78355,Ifosfamide
med56859,"Glutathione, Reduced, Brain (Suis), Spinal Cord (Suis), Thuja Occidentalis, Dimercaptopropane Sulfonate, Mercurius Solubilis, Silver Amalgam"
med26492,BUMETANIDE
med94850,SIMETHICONE
med18409,"Taurine,"
med15085,ALCOHOL
med47686,PURIFIED WATER
med20388,Erythromycin
med16340,alogliptin and metformin hydrochloride
med23267,Sodium Bicarbonate
med20924,"Kali mur , Kali sulph , Kali bich , Citricidal Extract"
med09048,Aspirin
med56020,CARBAMIDE PEROXIDE
med92940,Irbesartan
med92094,Aluminum Zirconium Tetrachlorohydrex GLY
med72624,prednicarbate
med39028,Bisacodyl
med82775,Diltiazem Hydrochloride
med50615,Mineral oil
med21599,Lisinopril and Hydrochlorothiazide
med21359,Oxacillin
med55344,Zinc Oxide
med35068,"Octinoxate, Oxybenzone, Titanium Dioxide"
med34152,Guaifenesin
med68264,Extra Strength Acetaminophen
med34141,"OCTINOXATE, TITANIUM DIOXIDE"
med63173,progesterone
med93276,Donepezil Hydrochloride
med03207,Glycerin
med53761,Oxygen
med88120,Ibuprofen
med29717,"Belladonna, Bellis perennis, Benzoicum acidum, Causticum, Equisetum hyemale, Lycopodium clavatum, Phosphorus, Plantago major, Rhus aromatica, Sepia"
med46651,estradiol
med55003,Venlafaxine Hydrochloride
med80597,Epinephrine
med29085,"Belladonna, Conium maculatum, Dulcamara, Hepar sulphuris calcareum, Kali bichromicum, Mercurius solubilis, Pulsatilla (Vulgaris),"
med20833,Doxycycline Hyclate
med64095,Turkey
med06454,Acetazolamide
med61974,Robinul
med48841,DEXTROSE and SODIUM CHLORIDE
med57139,Oxygen
med33642,Wheat Smut
med70615,URTICA URENS CALENDULA OFFICINALIS FLOWERING TOP ARNICA MONTANA FLOWER COMFREY THUJA OCCIDENTALIS TWIG LYTTA VESICATORIA SILVER
med32836,Triclosan
med04599,SERTRALINE
med36280,rosiglitazone maleate
med04242,Loratadine
med86124,Octinoxate
med70292,"Ferrum metallicum, Gratiola officinalis, Hamamelis virginiana, Helianthus annuus, Hottonia palustris, flos, Lachesis mutus, Lilium tigrinum, Lycopodium clavatum, Moschus, Palladium metallicum, Platinum metallicum, Rhus toxicodendron, Staphysagria, Sulphur, Veratrum album, Viola odorata"
med42645,valsartan and hydrochlorothiazide
med67744,"Arnica montana, Calendula officinalis Flowering Top, and Hypericum perforatum"
med39495,"Titanium Dioxde, Octinoxate"
med56373,ONDANSETRON HYDROCHLORIDE
med91877,Titanium Dioxide and Zinc Oxide
med44543,ropinirole hydrochloride
med07575,Salicylic Acid
med71280,Quinapril Hydrochloride
med88473,ampicillin and sulbactam
med63964,OCTINOXATE and TITANIUM DIOXIDE
med55974,SALICYLIC ACID
med53476,amlodipine besylate and benazepril hydrochloride
med72608,"Berberis Vulgaris, Chelidonium Majus, Lappa Major, Phytolacca Decandra, Calcarea Fluorica, Carbo Animalis, Nux Vomica"
med44874,"Aconitum napellus, Belladonna, Borax, Calcarea phosphorica, Chamomilla, Kali phosphoricum, Magnesia phosphorica, Nitricum acidum, Staphysagria,"
med21124,"Acetaminophen, Phenylephrine HCl, Dextromethorphan HBr and Guiafenesin"
med17308,HORSE CHESTNUT
med26078,"Acetaminophen, Caffeine and Pyrilamine maleate"
med40568,OCTINOXATE and TITANIUM DIOXIDE
med47695,Tramadol Hydrochloride
med29748,Saline Nasal
med92006,FENTANYL CITRATE
med34548,Camphor and Menthol
med90209,MIRTAZAPINE
med85607,Fexofenadine HCl
med44227,POVIDONE-IODINE
med31322,Beet
med14985,Guaifenesin/phenylephrine
med58837,"Avobenzone, Octisalate, Zinc Oxide, Octinoxate, and Oxybenzone"
med80108,TRICLOSAN
med68070,Diazepam
med31051,Pumpkin
med28298,Trospium Chloride
med75356,Loratadine and Pseudoephedrine Sulfate
med00351,Alprazolam
med70588,Levmetamfetamine Nasal Decongestant
med78714,DOCUSATE SODIUM
med26670,Duloxetine
med23630,Methylphenidate hydrochloride
med15580,MATRICARIA RECUTITA - ARABICA COFFEE BEAN - HYOSCYAMUS NIGER - STRYCHNOS IGNATII SEED - PASSIFLORA INCARNATA TOP
med91631,ALUMINUM ZIRCONIUM TRICHLOROHYDREX GLY
med61385,Risperidone
med41084,Phentermine Hydrochloride
med22157,Ibuprofen
med36888,"Kreosotum, Merc sol, Lycopodium , Calc carb, Sepia"
med13740,ribavirin
med26084,"Aluminum hydroxide, Magnesium hydroxide, Simethicone"
med35344,Chlordiazepoxide Hydrochloride
med88275,Amitriptyline Hydrochloride
med34661,ALCOHOL
med24993,"homosalate, octinoxate, oxybenzone"
med09963,Allergenic Extracts Alum Precipitated
med02688,ALCOHOL
med23055,Enalapril Maleate
med80251,spironolactone
med34101,Divalproex Sodium
med63696,carbamazepine
med79732,Mepivacaine Hydrochloride
med86378,"diphenhydramine citrate, ibuprofen"
med10023,elosulfase alfa
med17332,Quetiapine fumarate
med67299,"Avobenzone, Homosalate, Octisalate, Octocrylene, and Oxybenzone"
med96690,Loxapine
med30110,loperamide HCl
med11548,OCTINOXATE and TITANIUM DIOXIDE
med42062,METOPROLOL SUCCINATE
med86132,Acetaminophen
med59291,SODIUM FLUORIDE and POTASSIUM NITRATE
med83968,Indomethacin
med38183,Benzalkonium chloride
med10058,pioglitazone hydrochloride
med95174,thioguanine
med06125,Metoprolol succinate
med50601,FAMOTIDINE
med22826,Muscle and Joint Remedy
med22809,"Pramoxine HCl, Zinc acetate"
med00651,suvorexant
med04504,"Menthol, zinc oxide"
med12104,Albuterol Sulfate
med72968,Menthol
med44140,memantine hydrochloride
med84224,olmesartan medoxomil-hydrochlorothiazide
med33703,Plantago Primula
med60380,CHLOROXYLENOL
med02557,Sodium Fluoride
med00515,divalproex sodium
med86302,Alcohol Swabs
med22815,"OCTINOXATE, OXYBENZONE, TITANIUM DIOXIDE"
med84071,tobramycin and dexamethasone
med78849,Corn Grass
med32681,MENTHOL
med37190,Carvedilol
med20847,Econazole Nitrate
med40025,Propranolol Hydrochloride
med81272,"ZINC OXIDE, OCTINOXATE"
med53078,"SAMBUCUS NIGRA FLOWER, CALENDULA OFFICINALIS FLOWER, ECHINACEA ANGUSTIFOLIA"
med53103,"AVOBENZONE, OCTINOXATE"
med96270,INTERLEUKIN-7
med77165,metoprolol succinate and hydrochlorothiazide
med06584,Topiramate
med66259,KALI SULPHURICUM
med89351,Molds - Mold Mix 10
med10993,amoxicillin and clavulanate potassium
med76344,"OCTINOXATE, OCTOCRYLENE, and TITANIUM DIOXIDE"
med60339,risperidone
med03015,simvastatin
med08379,Ceftriaxone Sodium
med45406,TITANIUM DIOXIDE
med21029,Diphenhydramine Hydrochloride
med92914,Ropinirole
med66415,OCTINOXATE and TITANIUM DIOXIDE
med36888,Dextromethorphan HBr
med81712,Phenylephrine HCl
med83908,DOCUSATE SODIUM
med83406,Gabapentin
med87511,"Symphytum Officinale, Rhus Toxicodendron, Ledum Palustre"
med06929,Citalopram
med38740,"SAMBUCUS NIGRA FLOWER, CALENDULA OFFICINALIS FLOWER, ECHINACEA ANGUSTIFOLIA, BERBERIS VULGARIS WHOLE"
med94873,Cetirizine HCl
med45060,Levofloxacin
med84975,TRICLOSAN
med32884,Oxygen
med98492,Acetaminophen
med49767,Losartan Potassium
med96311,HYDROQUINONE
med33753,SULFACETAMIDE SODIUM and SULFUR
med17750,"Avobenzone, Homosalate, Octisalate, Octocrylene, Oxybenzone"
med62713,OCTINOXATE OXYBENZONE TITANIUM DIOXIDE
med45735,Salicylic Acid
med28064,"Avobenzone,Octisalate, Octocrylene"
med71345,valsartan
med03183,NATRUM SULPHURICUM
med87654,HALOPERIDOL LACTATE
med22403,Ranitidine Hydrochloride
med98282,"Folliculinum, Oophorinum,"
med37809,Treatment Set TS348334
med42418,Diphenhydramine HCl
med96525,Atomoxetine hydrochloride
med91672,"Piperonyl butoxide, Pyrethrum extract"
med06069,Pravastatin Sodium
med16516,"Avobenzone, Homosalate, Octisalate, Octocrylene, and Oxybenzone"
med94029,Fluphenazine Decanoate
med07010,"NEOMYCIN, POLYMYXIN B AND BACITRACIN ZINC"
med70376,"TITANIUM DIOXIDE, OXYBENZONE, and OCTINOXATE"
med64971,Propranolol Hydrochloride
med45117,Metronidazole
med72207,Sodium Monofluorophosphate
med18785,leucovorin calcium
med69279,Metoclopramide
med61533,ZINC OXIDE
med50357,"sodium chloride, sodium lactate, calcium chloride, magnesium chloride and dextrose"
med13481,Exemestane
med44997,Benzocaine
med01638,Ibuprofen and Diphenhydramine HCl
med01588,Diphenhydramine Hydrochloride and Phenylephrine Hydrochloride
med61255,Duloxetine Hydrochloride
med30897,ALCOHOL
med41485,"Arg. met., Arsenicum alb, Aur. met., Bovista, Bryonia, Chelidonium majus, Chionanthus virginica, Gaultheria procumbens, Helonias dioica, Iris versicolor, Lycopodium, Nux vom, Phosphorus, Rhus toxicodendron, Sabal, Syzygium, Cynara, Echinacea, Thuja occ., Urtica ur"
med88368,"Avobenzone, Homosalate, Octisalate, Octocrylene, and Oxybenzone"
med54934,Naproxen Sodium
med62763,furosemide
med98194,Octinoxate and Oxybenzone
med61821,Ensulizole
med68356,Torsemide
med13886,Acetaminophen
med07648,Naloxone Hydrochloride
med80733,Azithromycin Monohydrate
med30501,morphine sulfate
med62333,ETHYL ALCOHOL
med28070,Clonazepam
med44019,Aluminum Zirconium tetrachlorohydrex
med60711,rho (d) immune globulin
med88128,Theophylline
med05090,sodium fluoride
med45718,Pseudoephedrine Hydrochloride
med80651,Aspergillus niger
med69822,gabapentin
med65090,Natural Medicine
med78138,"OCTINOXATE, TITANIUM DIOXIDE"
med87388,"Mesquite, Prosopis juliflora"
med93315,doxycycline
med93008,Sertraline Hydrochloride
med08096,Desloratadine
med53571,Chicken Feathers
med17928,Losartan Potassium
med86879,"Titanium Dioxide, Zinc Oxide"
med10242,Pyrithione Zinc
med98019,Terazosin Hydrochloride
med40012,glipizide and metformin hydrochloride
med68966,Acarbose
med10891,"Arnica, Cantharis, Calendula, Causticum, Hypericum, Urtica Urens"
med24136,"Echinacea angustifolia, Hydrastis canadensis, Lomatium, Nasturtium aquaticum, Tabebuia impetiginosa, Iodium, Adrenalinum, Argentum metallicum"
med50677,Oxycodone Hydchloride
med61771,Hydromorphone Hydrochloride
med60960,Treatment Set TS350094
med30408,"Oxybenzone, Octinoxate, Petrolatum"
med79527,avobenzone and homosalate and octisalate and octocrylene and oxybenzone
med55256,"AVOBENZONE, HOMOSALATE, OCTISALATE, OCTOCRYLENE"
med65341,"HORSE CHESTNUT,ALOE,HAMAMELIS VIRGINIANA ROOT BARK/STEM BARK,NITRIC ACID,PAEONIA OFFICINALIS ROOT,SEPIA OFFICINALIS JUICE."
med40720,"OCTINOXATE, OCTOCRYLENE, and TITANIUM DIOXIDE"
med10983,"OCTINOXATE, OXYBENZONE, TITANIUM DIOXIDE"
med06259,Oxygen
med73155,"Avobenzone, Homosalate, Octisalate,Octocrylene, Oxybenzone"
med15734,Aluminum chlorohydrate
med04398,Mirtazapine
med48963,DOXORUBICIN HYDROCHLORIDE
med32358,Lisinopril and Hydrochlorothiazide
med63483,Ondansetron
med00781,Zidovudine
med59557,NAPROXEN SODIUM
med88643,"Antihemophilic Factor, Recombinant"
med90679,"Menthol, Methyl Salicylate"
med70335,Aspirin
med10119,Penicillin V Potassium
med46447,Zinc Oxide
med42740,"Allantoin, Benzethonium Chloride"
med63189,Vecuronium Bromide
med33023,Octinoxate and Titanium dioxide
med28414,"INFLUENZA A VIRUS A/BRISBANE/10/2010 (H1N1) ANTIGEN (MDCK CELL DERIVED, PROPIOLACTONE INACTIVATED), INFLUENZA A VIRUS A/TEXAS/50/2012 X-223A (H3N2) ANTIGEN (MDCK CELL DERIVED, PROPIOLACTONE INACTIVATED), and INFLUENZA B VIRUS B/MASSACHUSETTS/2/2012 ANTIGEN (MDCK CELL DERIVED, PROPIOLACTONE INACTIVATED)"
med83960,AMIFOSTINE
med77157,Carisoprodol
med29730,Chlorpheniramine maleate
med39428,ganciclovir
med55978,"Titanium Dioxide, Octinoxate"
med10838,TRIPROLIDINE AND PSEUDOEPHEDRINE HYDROCHLORIDES AND CODEINE PHOSPHATE SYRUP
med89352,Bupropion Hydrochloride
med11045,esterified estrogens
med35267,baclofen
med08423,Haloperidol Lactate
med34336,Salicylic Acid
med17276,Betamethasone Dipropionate
med50221,Fluoride
med95785,ONDANSETRON HYDROCHLORIDE
med15405,Caffeine
med36132,Divalproex Sodium
med04847,Pyrithione Zinc
med88828,"DNA,"
med70787,diltiazem hydrochloride
med87242,Amoxicillin
med80806,Arnica Montana 30C
med12541,Octinoxate and Octisalate
med74119,nepafenac
med24736,Ergocalciferol
med13654,Ipratropium Bromide and Albuterol Sulfate
med15595,"Acetaminophen, Dextromethorphan HBr, Guaifenesin, Phenylephrine HCl"
med09411,imiquimod
med16839,DOCUSATE SODIUM
med98732,Pain Relief Rub
med62544,"Avobenzone, Homosalate, Octisalate, Octocrylene, and Oxybenzone"
med65616,alogliptin and metformin hydrochloride
med48556,NAJA NAJA VENOM
med77568,"Loratadine, Pseudoephedrine"
med11418,"Eucalyptol, menthol, methyl salicylate, thymol"
med21508,ESCITALOPRAM OXALATE
med36851,Mentha Piperita
med68295,SITAGLIPTIN and SIMVASTATIN
med80153,"Octinoxate, Octocrylene, Oxybenzone, and Zinc Oxide"
med48054,Dimethicone
med92451,"Acetaminophen, DIPHENHYDRAMINE HYDROCHLORIDE, PHENYLEPHRINE HYDROCHLORIDE"
med32239,Ketotifen Fumarate
med62116,Simvastatin
med38728,SODIUM BICARBONATE
med55019,TicTam
med10413,RUTA GRAVEOLENS FLOWERING TOP
med22623,epinephrine
med44140,Budesonide
med20432,Penicillium notatum
med42182,PANTOPRAZOLE SODIUM
med72952,Arnica Montana 30C
med93069,"Avobenzone, Ensulizole, Octisalate, Octocrylene, and Oxybenzone"
med58204,OCTINOXATE
med36350,Bambusa Stibium
med12347,Topiramate
med50193,Didanosine
med85032,"Avobenzone, Homosalate, Octisalate, and Octocrylene"
med08935,Methimazole
med41376,Fire Ant
med15785,Nicotine Polacrilex
med26413,Magnesium Citrate
med10167,Quinapril Hydrochloride and Hydrochlorothiazide
med45814,ZOLPIDEM TARTRATE
med77306,Feather Mix
med36151,Ibuprofen
med88011,influenza virus vaccine
med89385,Aluminum Zirconium Trichlorohydrex Gly
med17798,Arizona Ash
med21100,TRICLOSAN
med67323,Amlodipine Besylate
med47055,tramadol hydrochloride and acetaminophen
med51616,"Arsenicum alb., Benzoicum acidum, Berber. vulg., Bryonia, Caladium seguinum, Cantharis, Ceanothus, Chelidonium majus, Chionanthus virginica, Cinchona, Daphne indica, Ignatia, Iris versicolor, Lycopodium, Nicotinum, Nux vom., Rhus toxicodendron, Scutellaria lateriflora, Tabacum, Echinacea, Taraxacum, Valeriana"
med32432,OXYGEN
med13591,CETYLPYRIDINIUM CHLORIDE
med74264,Donepezil Hydrochloride
med82870,PYRITHIONE ZINC
med62922,Meclizine HCl
med53310,"Acetaminophen, Dextromethorphan HBr, Doxylamine succinate, Phenylephrine HCl"
med97181,Sodium Fluoride
med87876,Isoniazid
med37907,"Aconitum nap., Arg. nit., Arnica, Bryonia, Colchicum, Guaiacum, Hypericum, Kalmia, Phosphorus, Phytolacca, Pulsatilla, Rhus toxicodendron, Ruta, Sarcolacticum ac., Sticta, Stramonium, Hamamelis, Taraxacum,"
med11953,Titanium Dioxide
med71815,"OCTINOXATE, TITANIUM DIOXIDE"
med80972,"Neisseria Meningitidis Group A Capsular Polysaccharide Antigen, Neisseria Meningitidis Group C Capsular Polysaccharide Antigen, Neisseria Meningitidis Group Y Capsular Polysaccharide Antigen, and Neisseria Meningitidis Group W-135 Capsular Polysaccharide Antigen"
med48577,"HYDROCODONE BITARTRATE, ACETAMINOPHEN"
med79634,Triclosan
med49172,"Acetaminophen, Chlorpherinamine maleate, Phenylephrine HCI"
med87793,Soybean
med94086,POTASSIUM NITRATE and SODIUM FLUORIDE
med00450,"Anacardium Orientale, Avena Sativa, Aurum Metallicum, Calcarea Carbonica, Cimicifuga Racemosa, Cinchona Officinalis, Hypericum Perforatum, Ignatia Amara, Kali Bromatum, Natrum Carbonicum, Natrum Sulphuricum, Phosphoricum Acidum, Phosphorus, Pulsatilla, Sepia, Tabacum"
med62876,Thuja Occidentalis
med85849,Benzalkonium Chloride
med18857,Naproxen sodium
med60379,POVIDONE-IODINE
med33285,Oxytocin
med83945,"Acetaminophen, Aspirin, Caffeine"
med78220,"PICEA MARIANA RESIN, ACTIVATED CHARCOAL, STRYCHNOS NUX-VOMICA SEED, ROBINIA PSEUDOACACIA BARK"
med74030,Lidocaine hydrochloride
med16386,ALCOHOL
med97992,rhus glabra pollen
med64528,Famotidine
med12512,Treatment Set TS346963
med21978,Lovastatin
med81984,"Sodium Chloride, Potassium Chloride, and Calcium Chloride"
med29975,Calcium polycarbophil
med85074,menthol
med73249,Amlodipine Besylate
med59246,Epinephrine
med75250,paroxetine hydrochloride hemihydrate
med04039,Levetiracetam
med44828,Gabapentin
med55256,Hydrocodone Bitartrate And Acetaminophen
med27921,Buckwheat Grain
med85404,"benzalkonium chloride, benzocaine"
med40255,INDOMETHACIN
med01927,methotrexate sodium
med01856,serratia marcescens
med73179,Ibuprofen
med19152,"OCTINOXATE, TITANIUM DIOXIDE"
med72543,TECHNETIUM TC-99M SODIUM PERTECHNETATE
med15064,Phenobarbital
med78224,olopatadine hydrochloride
med48296,"Titanium Dioxide, Zinc Oxide, and Octinoxate"
med05509,Banana Musa sapientum
med35765,"Avobenzone, Octocrylene, and Oxybenzone"
med07516,"OCTINOXATE, OXYBENZONE"
med35126,cetirizine hydrochloride
med68042,"Dexbrompheniramine Maleate, Acetaminophen"
med54887,clotrimazole
med86244,Silver Maple
med36171,Wheat Stem Rust
med33021,"OCTINOXATE, TITANIUM DIOXIDE"
med22849,ALDESLEUKIN - BARIUM CARBONATE - CHASTE TREE - CHIMAPHILA UMBELLATA - CLEMATIS VITALBA - CONIUM MACULATUM FLOWERING TOP - DELPHINIUM STAPHISAGRIA SEED - DIGITALIS - FERRIC PICRATE - HUMAN INTERLEUKIN-
med64981,Clonidine Hydrochloride
med26780,"Acetaminophen, Diphenhydramine hydrochloride, Phenylephrine hydrochloride"
med45498,string bean
med24317,Sennosides
med16580,"dimethicone, octinoxate, octisalate, oxybenzone"
med51968,oxybutynin chloride
med16455,Metoprolol Tartrate
med77569,Minocycline Hydrochloride
med10306,Tolnaftate
med96431,Nitrous Oxide
med49328,Ethyl Alcohol
med15525,Etodolac
med63682,ASIAN GINSENG
med33025,"AVOBENZONE, HOMOSALATE, OCTISALATE, OCTOCRYLENE, OXYBENZONE"
med00181,"Sodium Fluoride, hydrofluoric acid"
med41335,"Isometheptene Mucate, Caffeine, and Acetaminophen"
med79052,"Acetaminophen, Caffeine and Pyrilamine maleate"
med02530,Acacia
med90458,Tolnaftate
med74671,Lopinavir and Ritonavir
med05757,CARBAMAZEPINE
med14151,Octinoxate and Titanium Dioxide
med29078,Paroxetine
med47238,LISINOPRIL
med32612,Candida albicans
med32955,NAJA NAJA VENOM
med23231,Sodium Fluoride
med10686,MIDAZOLAM HYDROCHLORIDE
med56389,Argentum Met
med09476,cetirizine Hydrochloride
med09603,Octinoxate and Oxybenzone
med81559,calcium carbonate
med34454,GEMFIBROZIL
med33024,Labetalol hydrochloride
med28792,Sucralfate
med97444,TITANIUM DIOXIDE
med44522,"Acetaminophen, Aspirin, Caffeine"
med03614,Macrodantin
med07115,SUFENTANIL CITRATE
med43953,"Alder, Red Alnus rubra"
med55466,"Piperonyl butoxide, Pyrethrum extract"
med11308,Loratadine
med22348,"Avobenzone, Homsalate, Octisalate, Octocrylene and Oxybenzone"
med28845,Sodium Fluoride
med00907,LOVASTATIN
med04921,"ALUMINUM HYDROXIDE, BISMUTH SUBCARBONATE, CALCIUM CARBONATE, MAGNESIUM CARBONATE, SODIUM BICARBONATE"
med29519,"Calc Sulph 30c, Dulcamara 30c, Euphrasia 30c, Gelsemium 30c, Graphites 30c, Hepar Sulph 30c, Hydrastis 30c, Kali Bich 30c, Kali Iodatum 30c, Lycopodium 30c, Medorrhinum 30c, Mercurius Sol 30c, Nux Vomica 30c, Pulsatilla 30c, Silicea 30c, Thuja 30c"
med45147,Zinc Oxide and Titanium Dioxide
med66536,Calcitriol
med07546,"Acetaminophen, Chlorpheniramine maleate, Dextromethorphan HBr, Phenylephrine HCl"
med66322,Salicylic Acid
med67791,Acetaminophen and Phenylephrine HCl
med86459,Estradiol and Norethindrone Acetate
med40930,Polyvinyl Alcohol
med97234,amantadine hydrochloride
med01240,Valproic Acid
med94969,Ketoconazole
med67398,"Cactus grandiflorus, Glonoinum, Kali carbonicum, Spigelia anthelmia, Gelsemium sempervirens,"
med61855,Cedar Elm
med81183,"Carduus Marianus, Gentiana Lutea, Sambucus Nigra, Senna, Stomach, Arsenicum Album, Atropinum Sulphuricum"
med42060,Bacitracin Zinc and Polymyxin B Sulfate
med53821,Peginterferon alfa-2b
med91632,"Vitamin C (Ascorbic Acid), Carbonyl Iron, Folic Acid, Vitamin B-12 (Cyanocobalamin)"
med46913,SODIUM BICARBONATE
med46071,Pine White
med51156,Cetraria islandica subsp. islandica
med45337,Acetaminophen
med02240,isosorbide mononitrate
med66263,"Titanium Dioxide, Octinoxate/EthylhexylMethoxycinnamate"
med19880,CLINDAMYCIN PHOSPHATE
med94757,ZONISAMIDE
med03584,Cedar Elm
med90856,diphenhydramine hydrochloride
med48199,Octinoxate and Titanium Dioxide
med85041,"Chamomile, Graphite, and Hypericum Perforatum"
med87310,Mugwort
med44640,Gemfibrozil
med36422,thiothixene
med16370,Standardized Orchard Grass Pollen
med04667,temazepam
med67368,arbutin
med38421,Kali bichromicum
med18150,fluoxetine hydrochloride
med44464,thioridazine hydrochloride
med88205,"Lycopodium Clavatum, Pulsatilla"
med21576,"Avobenzone, Octinoxate, Octisalate"
med24938,Magnesium Sulfate
med16196,Bethanechol Chloride
med62236,methocarbamol
med48580,Methocarbamol
med68365,Neomycin and Polymyxin B Sulfates and Dexamethasone
med95165,"Avobenzone, Octisalate and Octocrylene"
med96809,NICOTINE
med27228,Thuja occidentalis
med04727,Cetirizine Hydrochloride
med29785,Oxymorphone hydrochloride
med61130,Prochlorperazine Edisylate
med61146,Mulberry
med51819,Topiramate
med83288,Mirtazapine
med70388,"BRYONIA ALBA ROOT, EUPHRASIA STRICTA, CALCIUM SULFIDE, SODIUM CHLORIDE, PHOSPHORUS, ANEMONE PATENS, RUMEX CRISPUS ROOT, and SILICON DIOXIDE"
med52310,Naproxen Sodium
med59208,"Mineral oil, petrolatum, phenylephrine hcl"
med04810,Miconazole Nitrate
med04414,Diazepam
med28327,Ibuprofen
med76685,losartan potassium
med14826,Glycopyrrolate
med05898,Lidocaine HCl
med72330,SENNOSIDES
med40706,mirabegron
med23090,Orange Citrus sinensis
med30199,Acetaminophen
med20511,"Acetaminophen, Diphenhydramine HCl"
med63554,"Acetaminophen, Phenylephrine HCl, Chlorpheniramine maleate"
med80420,Phenobarbital
med61550,Cucumber
med52907,NAPROXEN
med04536,"Menthol, Methyl Salicylate"
med07465,HEPARIN SODIUM
med27633,"OCTINOXATE, ZINC OXIDE"
med42702,NOT APPLICABLE
med76155,Clonidine Hydrochloride
med21227,methylphenidate hydrochloride
med41792,Vecuronium Bromide
med99014,ipratropium bromide
med25173,"Acetaminophen, Aspirin, Caffeine"
med56464,Ensulizole
med42751,Salicylic Acid
med90783,Liquid Nature Antibacterial Hand Soap
med11936,"Nux Vomica 200C HPUS, Bryonia Alba Root 30C"
med55121,Isosorbide Dinitrate
med07325,Metronidazole
med26735,methotrexate
med07927,Sertraline Hydrochloride
med73758,Cucumber
med04488,Naproxen Sodium
med30026,Dexmethylphenidate Hydrochloride
med31269,Pravastatin sodium
med91018,Cephalexin
med94140,"TITANIUM DIOXIDE, OCTINOXATE, and ZINC OXIDE"
med81086,valsartan and hydrochlorothiazide
med42251,Alcohol
med12783,Diphenhydramine HCl
med24865,BUPIVACAINE HYDROCHLORIDE
med33931,nicardipine hydrochloride
med56054,RANITIDINE HYDROCHLORIDE
med23008,"Aconitum Napellus, Arsenic Trioxide, Atropa Belladonna, Bryonia Alba Root, Eupatorium Perfoliatum Flowering Top, Ferrum Phosphoricum, Gelsemium Sempervirens Root"
med34818,Ipratropium Bromide
med40777,Salicyclic Acid
med76874,Ceftriaxone Sodium
med23735,Fexofenadine Hydrochloride
med52154,clindamycin phosphate
med53539,Menthol
med36935,Octinoxate
med84388,Amoxicillin
med07193,thiothixene
med95392,Amlodipine besylate and Atorvastatin calcium
med99399,Ensulizole
med19341,50 Remedy Kit
med08987,temazepam
med97955,ALPRAZOLAM
med95474,HYDROQUINONE
med56881,Labetalol hydrochloride
med04814,Trandolapril
med01069,temazepam
med61327,Levisticum e rad. 3
med26839,"OCTINOXATE, OCTISALATE"
med89552,DEXTROSE MONOHYDRATE
med44489,"Camphor, Menthol"
med78043,"TITANIUM DIOXIDE, ZINC OXIDE"
med37036,METFORMIN HYDROCHLORIDE
med77072,alcohol
med82656,TITANIUM DIOXIDE
med28484,"Brompheniramine maleate, Phenylephrine HCl"
med79603,"DEXTROSE MONOHYDRATE, SODIUM CHLORIDE, and POTASSIUM CHLORIDE"
med37344,alvimopan
med32242,DIMETHICONE
med49182,"OCTINOXATE, TITANIUM DIOXIDE"
med93337,Benzethonium Chloride
med30234,WATER
med83766,Penicillin V Potassium
med51821,TRICLOSAN
med43847,Cedar Mountain
med97538,octreotide acetate
med55208,Titanium dioxide
med03115,OCTINOXATE and TITANIUM DIOXIDE
med94115,Ketoconazole
med85698,Pyrithione Zinc
med81905,Water
med08438,Citalopram Hydrobromide
med80191,"Acetaminophen, Chlorpheniramine Maleate, Dextromethorphan HBr, Phenylephrine HCl"
med90333,Aspirin
med77358,calcitonin salmon
med81115,Aspirin
med52294,Desipramine Hydrochloride
med38780,White petrolatum
med29979,Omeprazole
med38907,zinc gluconate
med00277,Dextromethorphan Hydrobromide / Guaifenesin
med87803,PHENYTOIN SODIUM
med97915,Loratadine
med80379,lisinopril
med01921,Levothyroxine Sodium
med25970,"Bacitracin Zinc, Neomycin Sulfate, Polymyxin B Sulfate"
med65182,ALUMINUM ZIRCONIUM TRICHLOROHYDREX GLY
med39764,Primidone
med67668,BENZOCAINE and DEXTROMETHORPHAN HYDROBROMIDE
med39903,venlafaxine hydrochloride
med44354,"ascorbic acid, calcium threonate, cholecalciferol, .alpha.-tocopherol acetate, dl-, pyridoxine hydrochloride, folic acid, calcium carbonate, ferrous fumarate, magnesium oxide, zinc oxide and cupric ox"
med34256,"ANAS PLATYRHYNCHOS FEATHER, BRYONIA ALBA ROOT, EUPATORIUM PERFOLIATUM FLOWERING TOP, EUPHRASIA STRICTA, GELSEMIUM SEMPERVIRENS ROOT, and POTASSIUM IODATE"
med12250,PETROLATUM
med89996,Tobramycin
med98903,Methoxsalen
med38848,Divalproex Sodium
med61918,Ursodiol
med57095,acetaminophen
med15120,Dexamethasone sodium phosphate
med26368,Finasteride
med97311,"OCTINOXATE, OXYBENZONE"
med01574,"OCTOCRYLENE, ZINC OXIDE"
med58329,HYDROCODONE BITARTRATE AND ACETAMINOPHEN
med78936,risperidone
med30093,Methocarbamol
med20146,Amoxicillin and Clavulanate Potassium
med73925,TRIFLUOPERAZINE HYDROCHLORIDE
med58528,"AVOBENZONE, OCTISALATE, OCTOCRYLENE"
med34251,HYDROCODONE BITARTRATE AND ACETAMINOPHEN
med08797,"acetaminophen, dextromethorphan hbr, guaifenesin, phenylephrine hcl"
med82757,Amiodarone Hydrochloride
med58888,treprostinil
med45664,Orphenadrine Citrate
med39967,LISINOPRIL AND HYDROCHLOROTHIAZIDE
med90217,Olanzapine
med02203,Buspirone Hydrochloride
med32251,Isopropyl Alcohol
med04808,promethazine hydrochloride
med04004,Salsalate
med27979,SULFUR RESORCINOL
med56736,ONDANSETRON HYDROCHLORIDE
med37801,Simvastatin
med52710,Acetaminophen and Diphenhydramine HCl
med15535,clonazepam
med57285,BENZALKONIUM CHLORIDE
med78549,polyethylene glycol (3350)
med95939,Acyclovir
med61713,Capsicum oleoresin
med27224,hydrocortisone acetate and pramoxine hydrochloride
med16873,OCTOCRYLENE
med17819,Lidocaine Hydrochloride
med26471,hydrocodone bitartrate and acetaminophen
med40094,"OCTINOXATE, TITANIUM DIOXIDE"
med52957,SULFUR
med47569,Aquilinum Taraxicum
med68236,ONDANSETRON HYDROCHLORIDE
med25772,Glipizide
med98971,TERBINAFINE HYDROCHLORIDE
med92374,Hormodendrum
med96777,Pelargonium sidoides
med32545,Nicotine Polacrilex
med14064,SODIUM CHLORIDE
med78224,CALCITRIOL
med68666,NITROGEN
med81973,Atenolol
med98130,hydrocodone bitartrate and acetaminophen
med54797,"Cetirizine HCl, Pseudoephedrine HCl"
med46771,"Antihemophilic Factor (Recombinant), Fc Fusion Protein"
med34751,Aspirin
med86449,SALSALATE
med75019,"OCTINOXATE, TITANIUM DIOXIDE"
med48698,Dandelion
med74951,Ibuprofen
med79584,isotretinoin
med18563,Lidocaine Hydrochloride and Epinephrine Bitartrate
med91482,Loxapine
med27932,Eszopiclone
med63205,"Polyethylene Glycol 3350, NF Powder for Solution, Laxative"
med50870,zolpidem tartrate
med22632,"Baptisia Tinctoria, Echinacea, Phytolacca Decandra, Aconitum Napellus, Arsenicum Album, Belladonna, Ferrum Phosphoricum"
med24306,Tramadol Hydrochloride
med33728,TITANIUM DIOXIDE
med02907,Acetaminophen
med92436,Miconazole nitrate
med35231,loperamide HCl
med42313,Alcohol
med39398,Pramipexole Dihydrochloride
med80062,Guaifenesin
med89632,Western Wheatgrass
med47690,Alcohol
med31077,Oxygen
med10171,Karaya Gum
med98722,Sucralfate
med19162,Chlordiazepoxide Hydrochloride
med66964,Titanium Dioxide and Zinc Oxide
med64341,"Acetaminophen, Aspirin, and Caffeine"
med53830,Lorazepam
med80019,Aspirin
med80491,clindamycin phosphate
med69230,Mupirocin
med20258,Pramipexole dihydrochloride
med70099,clopidogrel
med25747,Tolnaftate
med88191,Bupivacaine HCl
med05057,topiramate
med34251,Isopropyl Alcohol
med44212,Zinc Oxide
med73455,clindamycin phosphate
med73915,Albuterol Sulfate
med64888,lisinopril
med06594,Azathioprine
med28784,"AVOBENZONE, OCTOCRYLENE, OXYBENZONE"
med81436,cephalexin
med49346,"Sodium Chloride, Potassium Chloride, Calcium Chloride, Magnesium Chloride, Sodium Acetate, and Sodium Citrate"
med38508,Cetirizine Hydrochloride
med87913,Estradiol Transdermal System
med51278,Glycerin
med07643,Hydrocortisone
med06214,fluvastatin
med64827,Omeprazole
med53713,ketamine hydrochloride
med99455,TRICLOSAN
med06146,Acetaminophen
med15653,glipizide and metformin hydrochloride
med30034,telmisartan and amlodipine
med20460,nifedipine
med75375,"neomycin sulfate, polymyxin b sulfate and gramicidin"
med09834,Acetaminophen
med06408,"Benzalkonium Chloride, Lidocaine Hydrochloride"
med14081,Desogestrel and Ethinyl Estradiol
med26235,Captopril
med23579,Nystatin
med20710,"Octinoxate, Octocrylene, Avobenzone"
med39104,Fosphenytoin Sodium
med51237,Naproxen Sodium
med08342,KETOCONAZOLE
med11642,Aspergillus fumigatus
med19160,House Dust
med50684,Allergenic Extracts Alum Precipitated
med65536,DIBUCAINE
med32895,tazarotene
med74100,Levocetirizine Dihydrochloride
med10748,not applicable
med02627,Octinoxate and Oxybenzone
med75255,"TITANIUM DIOXIDE, ZINC OXIDE"
med71998,HYDROGEN PEROXIDE
med62974,vasopressin
med64040,ethanol
med41202,MORPHINE SULFATE
med07432,Alcohol
med07641,Verapamil Hydrochloride
med31994,ARNICA MONTANA
med45868,Sertraline Hydrochloride
med94965,celtis occidentalis pollen
med68052,Titanium Dioxide and Zinc Oxide
med76387,VECURONIUM BROMIDE
med07896,Digoxin
med58059,East Sycamore
med39166,Ofloxacin
med12112,spironolactone
med66904,ibuprofen
med06316,Eucalyptus
med60064,METHYL SALICYLATE
med57008,Dog Fennel
med23153,NITROGLYCERIN
med81871,Iris germanica comp.
med05463,Methocarbamol
med16305,ropinirole
med29420,Carvedilol
med69629,ARNICA MONTANA
med47718,SALICYLIC ACID
med46426,bisoprolol fumarate and hydrochlorothiazide
med20892,Quinapril
med19830,Benzocaine
med13139,fluconazole
med10297,"TITANIUM DIOXIDE, ZINC OXIDE"
med42576,Treatment Set TS349358
med12637,Titanium Dioxide
med25439,losartan potassium and hydrochlorothiazide
med53481,WITCH HAZEL
med52677,Natural Medicine
med13395,Nadolol
med43985,Oxygen
med12355,MINOCYCLINE HYDROCHLORIDE
med12785,"Ipecacuanha, Tabacum, Zingiber officinale"
med47258,Caffeine
med01600,divalproex sodium
med24160,albuterol sulfate
med09669,"Avobenzone, Octisalate, Octocrylene"
med57338,PHENYTOIN SODIUM
med73197,Suaeda spp.
med47632,"Avobenzone, Homosalate, Octisalate, Octocrylene, and Oxybenzone"
med56806,bisacodyl
med04057,Zinc Oxide
med85906,Benzocaine
med30640,Oxymorphone Hydrochloride
med84681,Amitriptyline Hydrochloride
med61916,NICOTINE
med37535,Bethanechol Chloride
med14691,Naproxen Sodium
med07931,"OCTINOXATE, TITANIUM DIOXIDE"
med15857,Loratadine
med08984,Humicola grisea
med25041,zolmitriptan
med99325,phytonadione
med18203,furosemide
med21699,Slash Pine
med14276,ZONISAMIDE
med74637,QUETIAPINE FUMARATE
med12746,"Fagopyrum Esculentum, Magnesia Muriatica, Bioflavonoids, Cor, Thyroidinum, Arsenicum Iodatum, Aurum Muriaticum"
med75033,levetiracetam
med83168,Tall Dock
med36139,lisinopril
med08072,"TITANIUM DIOXIDE, ZINC OXIDE and OCTINOXATE"
med67865,Amiodarone Hydrochloride
med90482,water
med93092,Ethyl Alcohol
med33655,OCTINOXATE and TITANIUM DIOXIDE
med69898,"cocoa butter, phenylephrine hcl"
med84303,potassium chloride
med86011,iloperidone
med96651,"ATROPA BELLADONNA, APIS MELLIFERA"
med46926,quazepam
med75336,Alcohol
med21174,Pectin
med60124,OXYGEN
med64933,Methadone Hydrochloride
med56044,ALCOHOL
med35686,Risperidone
med33925,Ondansetron Hydrochloride
med70250,"Acetaminophen, Dextromethorphan Hydrobromide, Doxylamine Succinate,"
med28686,Mannitol
med69188,Naproxen sodium
med00915,Chlorpheniramine Maleate
med05823,NAJA NAJA VENOM
med01337,"Bacitracin Zinc, Neomycin Sulfate, Polymyxin B Sulfate, and Pramoxine Hydrochloride"
med55685,Ciclopirox
med94234,"Xerophyllum asphodeloides, Aconitum nap., Anacardium occidentale, Apis mel., Bryonia, Cantharis, Croton, Graphites, Grindelia, Mezereum, Nux vom., Ranunc. bulb., Rhus toxicodendron, Sarsaparilla, Sulphur, Echinacea, Rumex crisp., Taraxacum, Urtica ur."
med67122,"Hydrastis canadensis, Syzgium jambolanum, Glandula suprarenalis, Pancreas, Pituitaris glandula Phaseolus,"
med57615,SODIUM MONOFLUOROPHOSPHATE
med20934,OATMEAL
med22758,ALCOHOL
med07455,CABERGOLINE
med60882,"bos taurus adrenal gland, sus scrofa adrenal gland, aldosterone, androsterone, adenosine cyclic 3,5-phosphate, cholesterol, prasterone, somatropin, bos taurus hypothalamus, sus scrofa hypothalamus, melatonin, bos taurus pancreas, sus scrofa pancreas, bos taurus pineal gland, sus scrofa pineal gland, bos taurus pituitary gland, sus scrofa pituitary gland, bos taurus prostate gland, sus scrofa prostate, bos taurus testicle, sus scrofa testicle, testosterone, sus scrofa thalamus"
med54013,Rose Copper Warming Support
med62877,Oxycodone and Acetaminophen
med50822,Water
med04842,Propranolol Hydrochloride
med98274,"LEVOMEFOLATE CALCIUM, PYRIDOXINE, CALCIUM CARBONATE, SODIUM ASCORBATE, CHOLECALCIFEROL, .ALPHA.-TOCOPHEROL, D-, CYANOCOBALAMIN, FERROUS FUMARATE, MAGNESIUM OXIDE, and DOCONEXENT"
med77179,iron sucrose
med08619,Zinc Oxide
med52134,"Avobenzone, Octisalate and Octocrylene"
med44802,OCTINOXATE and TITANIUM DIOXIDE
med12492,AMLODIPINE BESYLATE
med15665,Finasteride
med46287,citalopram hydrobromide
med47198,Quetiapine Fumarate
med35922,Benzalkonium Chloride
med57146,Hydrocortisone
med94504,trifluoperazine hydrochloride
med69346,nicotine polacrilex
med89577,zinc acetate and zinc gluconate
med06925,Phentermine Hydrochloride
med86130,isopropyl alcohol
med33704,Plantain Beeswax Mild Cough Relief
med24267,Salicylic Acid
med99191,Zolpidem Tartrate
med26158,Pyrithione Zinc
med05608,Polyethylene Glycol 3350
med09288,Western Juniper
med56669,venlafaxine hydrochloride
med39787,WITCH HAZEL
med58303,"Abies nigra, Antimonium crudum, Asafoetida, Baptisia tinctoria, Borax, Candida albicans, Lachesis mutus, Phytolacca decandra, Phosphoricum acidum, Pulsatilla, Sticta pulmonaria, Sulphur, Thuja occidentalis"
med59111,"POLYETHYLENE GLYCOL 3350, SODIUM CHLORIDE, POTASSIUM CHLORIDE, SODIUM BICARBONATE, and SODIUM SULFATE ANHYDROUS"
med94205,"Titanium Dioxide, Octinoxate and Octocrylene"
med68972,lisinopril
med71732,Simvastatin
med13234,sumatriptan succinate
med22942,desvenlafaxine succinate
med21031,Rizatriptan Benzoate
med92743,Titanium Dioxide
med79920,Irbesartan
med29493,Citalopram Hydrobromide
med76478,Progesterone
med83984,Triclosan
med94607,Warfarin Sodium
med09444,atenolol
med81958,BENZOYL PEROXIDE
med06407,Amitriptyline Hydrochloride
med25977,MEPERIDINE HYDROCHLORIDE
med04948,Carvedilol
med87768,OCTINOXATE and TITANIUM DIOXIDE
med03146,etodolac
