name,padecimiento,dni_pac,id_usuario
Mona Alleburton,codpnf,67723448,1
Selena Julien,codyll,74667073,2
Annice Trevorrow,coduuw,60450072,3
Felita Mewett,codwkq,96545093,4
Maiga Ponder,codshb,71446563,5
Josee Thursby,codglj,79926294,6
Dino Thorington,codvhn,23774204,7
Karlan Stanaway,codkif,10871670,8
Minerva Yven,codbqv,44258824,9
Katie Dray,codrge,53020402,10
Elle Arnoud,codbnn,52517906,11
Giselbert Stenbridge,codyan,66357304,12
Rich Cavanagh,codksn,18220293,13
Pippa Verlander,codykd,35071962,14
Anne Simmonite,codkxp,91305996,15
Jaymie Carruthers,codhvf,96410167,16
Robinia Cookes,codiuc,84387825,17
Charmain Russ,codalj,85208074,18
Tito Connelly,codcln,71002813,19
Wang Campany,codjvz,57938314,20
Cash Lavielle,codfdr,91986376,21
Yanaton Cowlishaw,codrgh,97915236,22
Sally Siemianowicz,codjfc,41102156,23
Essy Lissemore,codldu,31289540,24
Jamison Slowey,codenq,24238577,25
Sherilyn Laurent,codsst,35941664,26
Ernst Knowller,codvky,67575936,27
Hetti Verty,codexx,78346038,28
Abbey Pyffe,codpko,49746594,29
Nap Halford,codnxm,25310865,30
Daveen Franken,codiga,61189297,31
Dwayne Dunham,codamv,98282657,32
Ninette Wooller,codezt,02558758,33
Bobbette Avieson,codxhd,58531625,34
Malena Paschek,codjlg,73424514,35
Shannon Tuckerman,codjwn,58267091,36
Stevy Chattelaine,codtag,41994135,37
Loretta Courtin,coddkq,17391458,38
Sib Powelee,codcqu,32008897,39
Rudyard Rubens,codjpp,93611370,40
Jerrylee Bewshire,codkft,46916524,41
Dallas Eager,codfet,25519820,42
Gaylor Seathwright,codlgk,69411662,43
Federico Anniwell,codkgt,39311407,44
Davide Isaq,codptd,56973954,45
Ware Bithany,codxyw,83905539,46
Eulalie Cisco,codqsy,16059824,47
Noell Blackstone,codyrn,42080834,48
Brinn Haliday,codend,29581017,49
Karoly Plowright,codzjs,19649594,50
Meade Neem,coddhv,29607932,51
Farris Casement,codfos,01032553,52
Mata Stoate,codbov,80308426,53
Martainn Downton,codukz,33266768,54
Oliy Hedger,codyqg,21379991,55
Bradney Dowdell,codbpl,01973327,56
Clareta Woltman,codlwe,27371704,57
Hildagard McCalum,codirb,83887393,58
Cate Hinzer,codtvj,13756008,59
Allina Helversen,codhfz,48480156,60
Connie Guillot,codksh,93205184,61
Frasquito Eliasson,codxrk,62261257,62
Alanson Garthshore,codajr,59243712,63
Odette Guierre,codaqn,63142491,64
Fransisco Hatchette,codlim,62518411,65
Darryl Santostefano.,codcda,19983585,66
Inglebert Rogge,codjxo,73667644,67
Ambrosi Wimms,codsak,01462463,68
Moises Aizic,codjjv,82042438,69
Davey von Hagt,codtlc,04101288,70
Heddi Dabels,codjws,40483598,71
Torie Marte,codfft,38515534,72
Gideon Mapother,codkoh,47291857,73
Janelle Riggeard,codcfj,18912116,74
Clementius Fruin,codgvy,30799360,75
Novelia Evangelinos,codfno,71087792,76
Lia Bassam,codztv,28127926,77
Margaux Parkins,codnva,36242702,78
Kore Keepin,codrin,48969257,79
Minnnie Pessold,codlyg,82111946,80
Meridith Evers,codlex,70019692,81
Sheppard Lepope,codpmz,21079438,82
Taddeusz Cope,codhae,77050625,83
Valida La Vigne,codpmo,94728458,84
Onfre Dumbrill,codjle,65607930,85
Kalvin Poacher,codtci,61724100,86
Astra Comley,codykt,26784940,87
Valery Cathrall,codcdo,80452793,88
Nevsa Keenor,codhov,27517873,89
Geno Tebald,codnce,39098296,90
Cathie Fairham,coducb,70623037,91
Kate Simion,codsuf,08132229,92
Gill Wilding,coddpp,67196297,93
Geoffrey Dotterill,codeuy,49110008,94
Trenton Dakin,codlem,40836392,95
Shannen Valintine,codpwi,14500397,96
Dodie Keir,codeat,57350191,97
Shellysheldon Danilov,codvxi,11409553,98
Daren Demkowicz,codroc,68171428,99
Al Aylett,codluj,50635663,100
Francklyn Powland,codpxr,40173554,101
Chrystel Tummons,codqhi,95816293,102
Emylee Krysztowczyk,codrbu,83853325,103
Nicola Hinrich,codvos,05508270,104
Natala Stucke,codkxf,37131374,105
Lyn Sweedland,codrcv,78031184,106
Cynthea Crasswell,codvab,12853134,107
Linn Aucourte,codyoc,18052486,108
Davy Willerstone,codwyf,89929172,109
Michaelina Spadelli,codpwj,73116545,110
Renata Kearton,codeni,44644814,111
Elwira Janicek,codyeb,26981181,112
Taite McDavitt,codpzh,78932283,113
Yvonne Sidnell,codphz,18849883,114
Claresta Baccup,codgdt,76082212,115
Celene Jan,codorv,23008904,116
Latrina Jacke,codtku,41982026,117
Caryn Voase,codibf,70205903,118
Lotty Singleton,codvbv,12350342,119
Georgeta Cornhill,codcvj,10424935,120
Niven Royce,codcrw,56300547,121
Bald Forte,coduji,29532218,122
Marysa Ughetti,codpeq,24837325,123
Aloisia Vescovini,codjwi,71158919,124
Sully Hugh,coddua,21612920,125
Laraine Heighway,codebr,80700354,126
Juliann Huckel,codzru,04243254,127
Graehme Mowbray,codpap,22377955,128
Catherin Clymer,codfjz,43611438,129
Weider Cheevers,codxbz,85790581,130
Merrick Bitten,codaew,51007076,131
Corette Mulvenna,codebm,41278129,132
Bailey Narey,codnei,32416160,133
Brien Mountcastle,codzoy,90233077,134
Crystie Stuttard,codlou,91657967,135
Harlie Vampouille,codicb,56158136,136
Rich Tombs,codvqh,02926722,137
Phyllys Simeone,codszr,81969909,138
Zorina O'Kenny,codnxx,23594236,139
Kaiser Sarfati,codavp,25349983,140
Ketty Fridd,codenm,87407687,141
Vivia Leidl,codfzf,03816592,142
Stanfield Boulsher,codzhd,82375703,143
Pall Lanphier,codmix,98516612,144
Dani Teasey,codzwf,49688283,145
Herminia Underwood,codhxu,80163812,146
Teador Reuven,codqne,99706096,147
Dyna Elcombe,codhfk,61629277,148
Demetris Borthe,codrio,14681964,149
Marge Loveitt,codkye,82923320,150
Natasha Dekeyser,codzif,60438920,151
Aline Stoneley,codsky,86206445,152
Caresa Rahlof,codxba,34127371,153
Munmro Flaubert,codpbz,48736177,154
Tessi Pessler,codkkz,83397318,155
Tallie Macquire,codrfz,14442813,156
Dionne Druce,codifw,90150962,157
Chadwick Harbron,codraq,30685395,158
Reggie Phythien,coddtp,24187541,159
Loleta Greenrod,codpuz,75809704,160
Wynn Benza,codphe,91358789,161
Lockwood Newberry,codcoy,91970452,162
Salvador Chapelhow,codufy,72099502,163
Othella Dourin,codbvb,92356978,164
Kati Pretley,codznr,89097985,165
Joey Firsby,codzau,49902116,166
Dane Pogg,codlko,36619248,167
Martelle Sterrie,codtia,78064734,168
Paulie Hargrove,codevg,54245438,169
Leroy McCrackem,codpkb,92570434,170
Mirabelle Mufford,codjwa,86414006,171
Ellyn Cockson,codcdg,22249105,172
Akim Streat,codplx,68169642,173
Jennine O'Kane,codcoi,73730527,174
Godfrey Schwier,codkyp,21049740,175
Edna Burcher,codyfi,17823786,176
Farra Fronek,codszv,64627533,177
Haydon Dewing,codnpn,17087564,178
Heather Janusik,codank,46648296,179
Milo Gorrie,codzlp,40396858,180
Geoffrey Davidavidovics,codzwc,54730707,181
Howard Delort,codnvm,26270197,182
Phip Leddie,codicp,79923338,183
Valencia Lodemann,codjfa,99374927,184
Ruth Feria,codmos,89564097,185
Westleigh Greggersen,codutz,23193418,186
Les Pick,coddob,26918812,187
Kailey Lemanu,codzyq,39995527,188
Marabel Thirsk,codgkh,76318744,189
Sarene Shallcross,codnrp,11880407,190
Codi Proud,codidu,50720938,191
Matthew McGrill,codrhc,87981600,192
Marwin Kording,codgve,59085597,193
Arman Parkyn,codjhv,73985468,194
Barry Haquard,codmda,27878247,195
Trixy Isaacs,coddfy,42756772,196
Cherrita Balsillie,codcvg,18326408,197
Gigi covino,codwmj,34120205,198
Victoir Corah,codqqp,59020352,199
Cordelia Vallack,codvkr,92968321,200
Darcey Tarling,codwgv,05484004,201
Nikita Douberday,codcmh,95962050,202
Alessandra Cornforth,codaop,87540117,203
Geraldine Hampshaw,codrhw,92910815,204
Erhart Sesons,codpic,69285482,205
Aldous Kember,codbil,66322096,206
Nathanil Heathcoat,codnbw,34011089,207
Othella Hackelton,codaru,25151997,208
Kylie Mordon,codrdo,92072806,209
Osbert McTrustram,codcoa,09779133,210
Kirbie Collicott,codmvy,72751861,211
Almira Apperley,coduxs,23197344,212
Angy Birkett,codlvc,17146881,213
Rosalyn Yukhnov,codvaj,70266507,214
Pippo Gerrietz,codqud,27199666,215
Del McIlmorie,coddrl,48184878,216
Brion De'Ath,codqfp,80309658,217
Dusty Chataignier,codbtz,31384064,218
Doreen Amdohr,codgkp,96573511,219
Elianore Doig,codczu,44754488,220
Tabbitha Weedenburg,codhia,22726456,221
Merrick Morecomb,codaek,69673363,222
Frants Pinckney,codwfq,39628354,223
Nydia Biddy,codwcz,12739090,224
Manya Upson,codtsh,33634940,225
Bea McNee,codcsw,13149094,226
Marilyn Riteley,codhhk,78117660,227
Jason Savins,codfgf,86599831,228
Mildred Kirkham,codzcy,90588135,229
Herc Rookes,coddij,97575238,230
Noelani Culvey,codwwb,37071857,231
Kenn Sinkings,codfwa,77607520,232
Letti Lafond,codowm,76832649,233
Howard Gilfoy,codpjh,26176829,234
Hurlee Tadlow,codqnz,62423697,235
Rosalyn Buckle,codajl,32789427,236
Annetta Colaco,codgbl,03846306,237
Britt Brumbie,codaqv,57890910,238
Annabell Jarrad,codgei,11002116,239
Ruttger Chominski,codpee,61297338,240
Benny Blackater,codamp,35754341,241
Fredek Lestor,codttx,67205172,242
Suzanna Killick,codwzo,38091240,243
Court Rostron,codqbj,16686231,244
Roxanne Motte,codzto,65103483,245
Hadleigh Grundey,codlzd,82720125,246
Jacinta Hastewell,codgob,02325002,247
Eilis Prazor,coduqn,30769531,248
Pablo Iannitti,codkoa,60627268,249
Lynnett MacGarrity,codsks,51090975,250
Carolus Iacopetti,codhxl,24124166,251
Storm Lesaunier,codxno,69949154,252
Sara McIlmorie,codoyc,92279966,253
Wilma Weeds,codbwa,23887744,254
Amargo Foresight,codgdg,44772239,255
Dominica Allum,codrxr,65825794,256
Guinevere Rossander,codhbo,22496055,257
Hussein Wolfendell,codpqt,11131967,258
Dottie Flecknoe,codfhz,55483694,259
Marjy Guillou,coddnn,10672848,260
Clement Anshell,coddxw,42725336,261
Boote Jozsika,codtqi,64108029,262
Georg Ferencz,codgpa,75373202,263
Gabie Forsdicke,codtku,21545627,264
Karita Vescovini,codior,00707860,265
Bendix Philipart,codxax,61071563,266
Ardenia Varnham,codlnx,16588826,267
Kendre Bovingdon,codhsp,04643989,268
Quintana Russan,codrhn,56510280,269
Francisca Queste,codpko,14635084,270
Ara Bilsborrow,codarq,33300474,271
Aarika Longhi,codrou,10844614,272
Celinda Folbige,coddyi,02187913,273
Cart Avrashin,codkvr,71695012,274
Basile Dunnett,codzze,01996333,275
Godwin Barsham,codqmp,81294839,276
Skylar Grayson,codgfy,87665660,277
Adrien Fearnside,codwaa,15578666,278
Finley Lindsay,codxnq,29050074,279
Concordia Burgan,codsuw,65871907,280
Ilaire Durbridge,coddwv,01951886,281
Sondra Gozney,codevo,14763021,282
Avrom Smethurst,codcvw,31350161,283
Jen Nelsen,codmnh,66486305,284
Corrie Tipper,codpez,74245832,285
Eleonore Cullum,codjry,57310849,286
Karilynn McLoney,codize,73343661,287
Shelagh Duke,codjdf,51261143,288
Andrej Faircliff,codsjw,57965006,289
Tilly Lissemore,codsxd,11900874,290
Yelena Gutridge,codegu,56200418,291
Hildagarde Butterly,codpgk,69341854,292
Davy Waistall,codeux,63872122,293
Gerard Delamaine,codluc,84114496,294
Sonnie McCaster,codzeq,74018678,295
Lucius Oldman,codzpd,22126359,296
Nikolai Spatari,codxco,07838608,297
Ingar Speed,codolj,64650753,298
Morganne Van Velden,codljd,29538083,299
Lazar Blazi,codvtj,52510137,300
Jill Corringham,codmpi,71428823,301
Nappy Brumen,codzdc,64526258,302
Evy Darby,codqwc,37589043,303
Nadeen Fotitt,codcmg,90092820,304
Tracy Pitkins,codhpd,68117233,305
Mandie Sandcroft,codhhn,64538030,306
Alvin Rolles,codjge,80141445,307
Susan Windas,codwjd,08539515,308
Axe Barradell,codeap,81657059,309
Judah Girhard,codtho,73522402,310
Ulrick Lea,codblb,67959030,311
Gareth Juares,codmzk,93414055,312
Abdul Allans,codizp,74875499,313
Nannette Redpath,codzti,79524661,314
Barnebas Andrelli,codpzi,83207680,315
Carma Hobbema,codpyp,89594156,316
Madelyn Lyddiatt,codaqk,41833967,317
Urbanus Sotworth,codxhq,68392689,318
Gayel Miklem,coduxu,30328758,319
Gertrud Veysey,codyyl,86792594,320
Dorelle Lewsam,coddoa,86850238,321
Derick Cuningham,codayz,50935580,322
Corney Tureville,codaba,63945759,323
Killie Wisden,codxxk,80744701,324
Creigh Woodberry,codalv,02584912,325
Wilow Copplestone,codfkd,95975108,326
Packston McGrotty,codwcg,50311396,327
Rosetta Suttill,codorp,63082976,328
Jania Tarbett,codwpp,33385322,329
Kermit Jeandillou,codxbj,03455558,330
Gillie Beart,codctj,67706192,331
Nerissa Brizland,codfwv,48254034,332
Willi Pimblotte,codxcj,05541723,333
Latrena Haighton,codxwj,48685717,334
Irina Quiney,coduht,67212421,335
Charisse Becke,codgkc,68091851,336
Harry Boocock,codnmh,82511221,337
Griffith Southcombe,codeaj,75211437,338
Karrah Larkin,codelz,98868433,339
Tate Speariett,codijj,73081979,340
Jayme Larimer,codwmx,06163003,341
Megan Ambrozewicz,codzor,72298288,342
Jerad Stoacley,codmhr,98486568,343
Ebba Clohissy,codzaj,93069818,344
Denney Perkis,codsqs,17504888,345
Abra Athowe,codoik,21448788,346
Yanaton Goad,codstk,07728462,347
Maura Enden,codmcf,31873714,348
Hendrika Hackin,codsem,38645342,349
Johna Audenis,codgwz,38068349,350
Katinka Millwater,codyez,27535934,351
Sofia Bradbury,codmrk,03829255,352
Doro Welling,codxqs,89572256,353
Wendall Harman,coddza,90634075,354
Meredeth Ruzek,codslw,87692416,355
Cristie Gudde,codwyx,72867099,356
Adoree Godbald,codjee,19810622,357
Peta Witchard,codenh,26335563,358
Nixie Lombardo,codhem,07699567,359
Bobby Raddin,codzdc,13855039,360
Hadleigh De Morena,codqqx,00107158,361
Kenneth Yallowley,codrim,20160862,362
Kanya Warbys,codgek,16885373,363
Kial Loeber,codaxh,79540491,364
Drud New,codarx,46789985,365
Leyla Peasby,codzzb,88952732,366
Nonna Abramov,codrcf,41806334,367
Darcie Prudham,codwzp,29887828,368
Illa Annatt,codeoy,47713019,369
Torey Belly,codfyt,71486998,370
Hadria Roostan,coduzx,64797377,371
Allegra De Domenicis,codnia,24163332,372
Lincoln Bax,codikw,14701466,373
Lindon Piddocke,codgwl,05613044,374
Gawen Redhole,codvdf,11426338,375
Dore Ranfield,codhnb,23341505,376
Eddy Websdale,codxqt,10741740,377
Rosa Hollyard,codpxg,58809649,378
Frannie Rowlin,codmat,84384087,379
Salim Nason,codrmb,41231126,380
Amelie Poncet,codcnf,80836665,381
Chick Baddeley,codloy,41099931,382
Mohandis Despenser,codcqk,15841221,383
Gwenny Hanford,codydq,03750793,384
Ellen Karp,codaib,46518272,385
Alaster Hobbert,codrtt,96693436,386
Christoffer Purchon,codycq,39018091,387
Kelcey Bunson,codybw,05502790,388
Linzy Tinghill,coddfn,88239827,389
Jolene Leverson,codrmo,85729108,390
Brodie Stollmeier,codqmb,60843426,391
Ceil Hurkett,codkni,83934548,392
Johanna Yewdell,codmou,23872261,393
Olag Trenbey,codsec,32155626,394
Morley Bradshaw,codvvc,90309730,395
Giffie Woodroof,codtwk,75199387,396
Imojean Able,codejh,84999666,397
Clo Whatham,codylx,57406726,398
Cathryn Bicheno,codihl,85876207,399
Bethena Sussams,codxbu,55508889,400
Rebe Malone,codmti,26440068,401
Englebert Metcalf,codeca,55218335,402
Ophelie Brenstuhl,codoqv,01648545,403
Travis Avis,codzna,81958852,404
Nicky Jauncey,codjrp,52425931,405
Lark Agastina,codqrd,21084866,406
Gloriana Belz,codmgr,59524308,407
Dianne Yakobovicz,codlpk,51564889,408
Clareta Willmott,codtqh,23596523,409
Remy Pea,codndg,52516977,410
Goober Jouning,codwbo,97364115,411
Guillema Tathacott,codyct,40362982,412
Tim Wray,codtdo,66751078,413
Florry Laverty,codshb,23300915,414
Maxie Bugdall,codgir,77506847,415
Joice Bullock,codkcw,29968828,416
Lisle Twitchings,codyxt,11843755,417
Dottie Lenden,codcnq,56597406,418
Doe Thoresbie,codqpc,26081185,419
Collete Cuckson,codiau,70283797,420
Prudi Fowden,codmks,13529704,421
Lindsey Paulat,codina,17420229,422
Conan Phalp,codbsa,27712076,423
Nicolis Bogie,codrfj,10395082,424
Robbie Maskelyne,codqfi,76404644,425
Rozelle Mohring,codwdi,16116464,426
Fernanda Catterill,codxdl,67221306,427
Bendix Torrese,codvpz,71129380,428
Duke Markie,codyka,19493896,429
Meagan Deppen,codefc,06111266,430
Riki Neesam,codsjx,58179648,431
Bernadette Barlass,coddzk,93800406,432
Trisha Etheredge,codqwn,77692154,433
Daphna Michele,codskx,07303200,434
Lanny Axleby,codoop,76055900,435
Bobbe Montes,codoqs,37024460,436
Carr Stieger,codnhf,79684927,437
Minnie Endrighi,codfol,65550028,438
Wylie Cohen,codmfi,26517266,439
Emmaline Ewence,coddos,00802137,440
Madalena Mogridge,codelu,16636792,441
Bobbie Ellicock,codanc,28759887,442
Gay Glabach,codngg,77934527,443
Karlyn Pattle,codvdt,35838088,444
Athena Oluwatoyin,codjkc,86444942,445
Stepha Thireau,codyic,51667402,446
Timoteo Hugh,codhpk,82061440,447
Leontine De Haven,codszw,80706072,448
Leupold Hawlgarth,codyct,09050940,449
Oberon Hagston,codgbn,11065334,450
Reilly Arlet,codqqc,58815187,451
Gabriello Mabley,codajb,80296640,452
Aymer Liverock,codtfh,32458937,453
Chance Haensel,codkml,17741127,454
Madalena Whitsun,codqqc,50121138,455
Minnaminnie Golde,codsdh,15655661,456
Sophie Sanderson,codmex,73130071,457
Dion Carnie,codwrp,31219086,458
Bengt Caseri,codvbs,99445273,459
Sharyl Davall,codufd,09090066,460
Debbie Burril,codofq,56071773,461
Boyd Terrill,codfzs,70458894,462
Ken Worrill,codkwx,31325108,463
Kaspar Bicheno,codwqs,85020106,464
Flori Lougheid,codaza,81873374,465
Samson Lyne,codivj,07813805,466
Dominik Happel,codpch,74273090,467
Thacher Normabell,codggp,62507618,468
Rora Wimpeney,codcug,38245609,469
Nanete Waylen,codfse,17820086,470
Alanah Attarge,codnav,90029958,471
Roda Sutehall,codron,51467753,472
Janka Ashington,codjje,24918904,473
Piotr Ledingham,codllj,26085955,474
Rozina Moncrefe,codswd,98973837,475
Marquita Defty,codmno,57035636,476
Francisco Stebbin,codcae,18623243,477
Dill Connikie,codkkj,19131517,478
Raine Koles,codana,47229420,479
Maurits Klaessen,codjqv,52060956,480
Minda Le Fevre,codnyn,27474667,481
Hort Reace,codglk,51928391,482
Joanie Taffrey,codini,45609702,483
Haydon Corkill,codyvh,51224283,484
Dolley Eagle,codalc,51031823,485
Kym Mathy,codlkh,75852782,486
Larisa Turmall,codfai,73880411,487
Shepherd Joules,codbgj,60093862,488
Delmor Fremantle,codgeg,21096361,489
Rachele Sancroft,codboh,67075605,490
Nisse Normavell,codfbw,31897952,491
Willdon Brandreth,coddrb,06083605,492
Margie Sorrel,codgjp,65561447,493
Bradan Kezar,codlap,78332251,494
Benny Simoneau,coduih,20324021,495
Gaye Bywaters,codssi,53729594,496
Aidan Blaase,codwus,51636459,497
Kirstin Symon,codqqu,26640372,498
Maribel Duthy,codvjm,34520494,499
Selle Piggen,codwtb,68651068,500
Banky Johnes,codoso,00754633,501
Lira Fronzek,codyjq,48223236,502
Ricki Theze,codztt,55870078,503
Ashia Brandrick,codlfn,33481828,504
Ophelie Franklyn,codyyd,21265012,505
Britni Jerosch,codubp,24493651,506
Darline BoHlingolsen,codign,29900447,507
Betteann Molloy,codtae,70089779,508
Elora Baton,codrif,20102312,509
Eolanda Skypp,codgxx,79039317,510
Jan Libbie,codaax,27104713,511
Sheffie Ivanyushin,coduup,55000322,512
Abby Hogsden,codjhr,41475474,513
Xylina Bright,codahz,44088639,514
Mirabella Comins,codzdg,16059530,515
Sylas Hasling,codvcd,85578266,516
Nissa Thrift,codxwd,17440213,517
Iorgo Hablet,codcjg,98793162,518
Iorgos Lowe,codqqe,41306315,519
Angil Anand,codrfy,29299027,520
Theresina Philip,codmwx,05921026,521
Stella Cooksley,codmai,79489184,522
Fleming Harkins,codmoi,13044391,523
Talbert McKellen,codozh,09824924,524
Carolann Kinset,codlyo,91811644,525
Phyllys Simister,codzse,68575392,526
Shanna Moloney,codiii,61444127,527
Kania Scutcheon,codsbk,64861619,528
Tremayne Liggett,codibv,50575821,529
Hanna Addicote,codbls,90052070,530
Kristi Gittens,codscb,24926905,531
Della Storton,codoyl,40420275,532
Heda O'Doghesty,codbcf,25422307,533
Karrie Rogliero,codgwj,40324820,534
Joe Di Bartolomeo,codelr,44748709,535
Sascha Kitchingman,codpop,95655137,536
Fredi Deviney,codzop,53051570,537
Fernande Eacott,coduya,71675931,538
Bale Strase,codgrc,54939945,539
Adelbert Hankey,codwet,72735102,540
Man Rable,codpqj,51557858,541
Lek Betchley,codxhm,15213101,542
Rose Stuckow,codslu,46582996,543
Torrance Lackmann,codjzs,39747998,544
Micheil Indruch,codevl,28366654,545
Noellyn Graundisson,codeyu,38269358,546
Hyacinthe Mesnard,codwcq,68198787,547
Tobi Kellington,codwhh,43564822,548
Reinwald Gulc,codyob,73504972,549
Pepe Blease,codhdg,41123455,550
Caro Brik,codyee,57944337,551
Kingsley Genike,codzya,44049049,552
Geri Mullis,codywf,01803114,553
Phillis McKerton,codfxn,82253546,554
Jonah Fearon,coduzs,28977711,555
Elfrieda Woolger,codatp,79321509,556
Doug Bare,codehi,32373880,557
Clevey Hayselden,codblk,73470502,558
Jaime Kydd,codnkt,88510985,559
Meggi Shurmore,codmvs,61450439,560
Cory Seagrave,codson,22486501,561
Simon Grinaugh,codcyb,24089071,562
Carlita Yatman,codrxn,74097097,563
Bathsheba Angrock,codmmy,04515485,564
Errick Thornham,codpsm,18692450,565
Twila Mariel,codvgu,77501366,566
Pepillo Cardwell,coduog,66266853,567
Allina Aymes,codola,28674838,568
Sandro Glascott,codesz,33917026,569
Torie Chatto,codynx,01620114,570
Norry Anthoine,coddgc,59415328,571
Marylinda Kerrich,codpsm,78096452,572
Nollie Botwright,codbcf,90871059,573
Gayelord Cloake,codvll,72073668,574
Serge Firmage,codpwv,78283199,575
Erhard Vasilmanov,codywf,09484163,576
Janelle Reap,codcxt,87670325,577
Claudelle Toor,codqig,90795252,578
Arabelle Mallord,codqik,92775453,579
Margette Crosskell,coddne,70530686,580
Ramona Peregrine,codxfk,63370616,581
Alasteir Scanes,codaib,95095264,582
Rey D'Elias,codfgq,80072029,583
Allistir MacCartair,codyqx,12512765,584
Paddy Farnan,codrzp,24546694,585
Kahaleel Cunnow,codkzm,39245829,586
Ardisj Jirick,codihw,25645845,587
Clarita Semerad,codtaz,41495256,588
Gaby Humbatch,codnmi,97950519,589
Sarge Suter,codyje,58793439,590
Chris Masterman,codwss,00100906,591
Lionello Flucks,codruq,92452372,592
Arnuad Pollins,codcow,88015353,593
Jacklin Phythian,codvdy,72266793,594
Ardelia Devil,codxwk,67435992,595
Ario Goffe,codqwu,75107555,596
Pen Basek,codccd,81555784,597
Stefanie Rounsefull,codktf,58439369,598
Goldy Bason,codifz,86508910,599
Cole Crenage,codqdt,58094848,600
Sibilla Lochran,codevq,27968171,601
Mitch Shutle,codtij,45916657,602
Deanna Normavell,codbtk,18648232,603
Rozina Church,codbbd,68631194,604
Jourdan Basketfield,codvkd,08702032,605
Mallissa Heggman,codcwj,04942328,606
Mart Kropp,codfst,18981367,607
Ora Rougier,codvgu,49449679,608
Guido Oven,codchq,30058911,609
Garry Flucks,coducj,36769927,610
Philip Bassindale,codhbn,59717387,611
Oriana Ockleshaw,codcuz,43502737,612
Blanca Darling,codjop,52859228,613
Jo ann Conley,codgpg,73987297,614
Filia Bonallack,codbkl,27368458,615
Nels Adkin,codhmx,31589110,616
Adeline Featherston,codxjx,22305858,617
Cordula Redsull,codpqe,31352561,618
Belicia Belliard,codurk,53867147,619
Cheston Ausello,coddgu,09119729,620
Chauncey Blinckhorne,codych,43312396,621
Homerus Stango,codwfc,21330275,622
Justina Somerbell,codqha,84971612,623
Scottie Trubshaw,codjfk,30914172,624
Reyna Arthars,codwkp,51055513,625
Lusa Pedroni,codnnm,86076995,626
Joaquin Walewicz,codiop,57274035,627
Lyndy Davidovitz,codcpm,83322033,628
Thibaut Westman,codhtw,33947284,629
Jacques Chetwin,codopg,16601669,630
Onida Tunniclisse,codlur,73031647,631
Brook Comford,codbpt,79431472,632
Bebe Laye,codvdi,37521331,633
Othilie Lukas,codphi,18222309,634
Freeman Segrott,codzzk,56021732,635
Dene Irwin,coddbc,71269637,636
Arch Omand,codrrp,64723973,637
Kerrin Alred,coddvy,28238739,638
Michale Gurr,codvki,93766645,639
Avictor Chitham,codjfd,73549665,640
Prudy Kirkebye,codbjn,07572274,641
Kristyn Greenham,codkdm,79066569,642
Marie-ann Bolens,coddsj,82301911,643
Terrel Piffe,codlcl,05355420,644
Pennie Macartney,coddjq,41813505,645
Gina Parlot,codulw,22469655,646
Van Mussettini,codvup,02884659,647
Fredrick Arnell,codzif,65778813,648
Raeann Gerrish,codrvz,43619824,649
Tomasine Peterken,codrtj,42591636,650
Briant Brennan,codmox,20659730,651
Gianina Sukbhans,codgvf,06696118,652
Devora Backshill,codixp,30943275,653
Chancey Chamberlayne,codkal,77924306,654
Loni Mc Menamin,coduwk,08940041,655
Lars McRae,codkqz,54866286,656
Mychal Griggs,codtbv,46262664,657
Rozina Cecely,codeyo,10145071,658
Justinian Pattle,codkll,69988414,659
Nicky Ravillas,codfvr,77531324,660
Lonnie Domengue,codrta,27673453,661
Dara Sloane,codxkj,24562887,662
Theresita Bolzmann,codhun,67111135,663
Nelly O'Downe,codxap,33654354,664
Betsey Fley,codjxj,03977274,665
Virgina Suddards,codojt,22913012,666
Carlye Costell,codxhx,98595760,667
Otho Baudet,codhad,70590310,668
Ewen Papworth,codolb,61376743,669
Celie Ferrelli,codizf,81136014,670
Karlie Edgerton,codtzo,99684668,671
Justinian Dumbreck,codwkl,90927788,672
Zechariah Arkow,codvkt,13564038,673
Randie Scargle,codchd,50227977,674
Leoine Derks,codvgw,89350051,675
Del Durrell,codsro,41688344,676
Othilia Baiyle,codrxp,74898689,677
Stewart Campany,codinu,02267485,678
Clara Strevens,codzuz,95852877,679
Carolan Checchetelli,codwog,66823061,680
Freddie Walbrun,codzvk,34302883,681
Emmit Streeting,codube,19073858,682
Martha Iacoboni,codzla,24394746,683
Reggi Crankhorn,codixt,22732258,684
Flory Maulden,codxuw,20275616,685
Betty Teal,codgti,37637795,686
Ogden Sinden,codqdq,46976317,687
Major Hardman,coddad,95709367,688
Vale Vedenichev,codvne,79744743,689
Stinky Howden,codgmv,35713399,690
Ann Daber,codmjj,66241999,691
Michele Hauger,codcfm,58330341,692
Bernelle Switsur,codnrs,69704624,693
Calli Barkly,codymz,30631821,694
Lottie St. Queintain,coduis,18069523,695
Ron Ivers,codcjg,96011798,696
Waylin Sesons,codvpg,36402222,697
Catherine Sine,codmwh,00379516,698
Willard Copin,codnhl,04761571,699
Marline Goodlett,codbcj,33578338,700
Symon Snoden,codqrq,12383028,701
Madlen Scatcher,codbcs,61938820,702
Georgianna Bernard,codncv,39077120,703
Salmon Stoffersen,codzwi,50645739,704
Meaghan Wogden,codnxr,36286100,705
Currey Paquet,codndc,99915349,706
Sam Brymner,codwkj,61647311,707
Gilberta Yorath,codzzt,77399044,708
Monah Leverett,codrso,64769910,709
Hammad Iacomettii,codynb,34023182,710
Stefan Tansill,codxau,24248500,711
Hercules Dreier,codwlz,02528131,712
Gunilla Vivians,codngb,62116729,713
Rica Martellini,codiiv,85687876,714
Sheffy Wakerley,codaum,66248154,715
Edmon Bithany,codwjp,87220351,716
Kriste Rosenfeld,codkeq,45547578,717
Noe Goldis,codhgf,01264114,718
Bette-ann Tutt,codhah,07471174,719
Liz Brassington,codnuc,24596551,720
Chance Roskell,codggc,19142253,721
Bryana Episcopi,codwlh,21237246,722
Cicely Foxworthy,coduji,91234784,723
Obed Sherratt,codpqc,48554697,724
Bride Freund,codvua,20413062,725
Bev Skakunas,codlry,93871356,726
Judith Pescod,codbns,20258102,727
Brnaby Gheeraert,codtlh,87547326,728
Marcille Swiffan,codpmw,68590925,729
Shane Camolli,codhcd,70406012,730
Angela Bowcher,codbno,95266927,731
Enid Goulter,codsyx,57004267,732
Amity Josefsohn,codtne,77814822,733
Suzy Fortey,codzel,81412872,734
Patrizia Ziehms,codlji,62628889,735
Florie Strowan,codobe,81698577,736
Dermot Joberne,codpjn,97887629,737
Nikolaos Yezafovich,codkbq,35613775,738
Shena Sommerling,codnuu,85610009,739
Rolph Honatsch,codswm,28345076,740
Helenka McNamee,codrsu,71956400,741
Lenard Byk,codxao,86252080,742
Leah O' Mullane,codxgo,75201673,743
Magdalena Medlar,codsld,86130685,744
Iosep Van den Velde,codevx,52003519,745
Sean Budget,codcfx,62260688,746
Melanie Ferencz,codtgt,40633732,747
Orland Curneen,codaou,77482233,748
Sybilla Toward,codnvv,83261773,749
Sybil Iles,codelz,83162425,750
Aliza Tubb,codfjy,67823668,751
Clemente Spackman,codtcz,41575914,752
Ynez O' Clovan,codvhs,85596967,753
Abramo Capnerhurst,codkvd,18726010,754
Sadella Chater,codcfd,02506039,755
Prescott Allnatt,codkzb,72360878,756
Huberto Wilbor,codpyq,69577328,757
Doralynne Strephan,codqoc,12265668,758
Vickie Bibey,codvwk,92060425,759
Rakel MacVaugh,codcrr,91785947,760
Phyllys Jirak,codrbk,65363813,761
Granger Dockreay,codvfl,08048333,762
Hugo Berkelay,codirg,39951253,763
Lon Lintin,coddno,35997527,764
Phyllys Petlyura,codsqj,64280626,765
Anne Darwent,codfmo,60616071,766
Caritta Gowers,codxku,87523719,767
Kelila Wanden,codddu,26295954,768
Mordy Leadbeater,codtno,95573464,769
Caprice Bodycombe,codrlo,36090178,770
Gwyn Kollatsch,codohp,11311746,771
Celesta Largen,codhtf,08491811,772
Gabbie Gavan,coddwe,80244949,773
Cy Tithecote,codfhz,39819664,774
Kristos De Vries,codbxk,89982782,775
Dorthy Vamplers,codmze,39518019,776
Harlan Suche,codchg,61399241,777
Carol Dallewater,codgwi,75503619,778
Sheelagh Bleier,codbxs,05176389,779
Chrisy Worters,codmfs,93259250,780
Ingelbert Daintier,codzku,95553812,781
Claiborn Wainscot,codrnr,63801527,782
Sutton Heathcote,codfps,96319169,783
Flin Richard,codquw,71241305,784
Tessa Le Marchand,codsdw,02105779,785
Rochette Serrurier,codozo,94955422,786
Giordano Povlsen,codiaa,34240888,787
Burg Davidow,codyyf,05206542,788
Delmer Skeldon,codwjh,21699856,789
Andra Toffolini,codhwk,59893417,790
Drusilla Fivey,codstg,10946299,791
Hally Fairman,codjfq,03425377,792
Laureen Blaine,codbxu,57583572,793
Loni Haggith,codywo,51736548,794
Rey Bence,codigh,01891953,795
Midge Bunney,codpqm,96631215,796
Dione Jovic,codmgv,72434945,797
Sharl Blaes,codolx,70896758,798
Barney Dunston,codmgp,97935971,799
Tedie Fownes,codxoj,93571761,800
Valene Awcock,codvno,06656549,801
Rosaline Iorio,codvws,81989755,802
Reilly Biglin,codbgu,78463179,803
Jamie Bernt,codnxh,34751149,804
Kerrin Dabourne,codxua,03270338,805
Silvano Lougheed,codkru,68394657,806
Arnoldo Verson,codqdw,51893707,807
Philipa Spyby,codoyw,18898724,808
Mahmoud Durban,codzsd,63901340,809
Adriaens McFadzean,codfyc,53515760,810
Giffard Vickors,codpkl,73582253,811
Randee Bisley,codeqq,72117424,812
Winnie Loxly,codila,22689115,813
Brucie Farlham,codwjn,42109739,814
Robb Phalp,codshg,49397389,815
Clarita Rodriguez,codgca,88619641,816
Corella Coath,codllq,81805462,817
Erie Gusney,codtxg,29116546,818
Klara Cote,codcob,87330462,819
Bernard Kaveney,codeka,29241611,820
Rhianna Delamar,codniy,66605494,821
Savina Boatwright,codhhm,73142852,822
Benjie Harp,codzwe,94546532,823
Hurley Sloley,codjnt,47517223,824
Kali Cloute,codjao,37764888,825
Ealasaid Gingles,codnxf,54748795,826
Panchito Rosenzveig,codqju,52026829,827
Catharine Kittredge,codvqb,73840723,828
Quill Wipfler,codxax,58620020,829
Joshua Hardware,codhii,94256170,830
Marla Seaborne,codsxl,94471502,831
Wallis Showl,codqzm,69750963,832
Jacquie Sebrook,codzle,76613528,833
Brook Tilte,codsyl,99796580,834
Kirstyn Brandone,codowz,57448182,835
Magdalena Alldread,codjzx,12081758,836
Karil Bradder,codccu,62947827,837
Chico Flement,codpoe,09850165,838
Lacey Gumly,codkfo,24154709,839
Van Zold,codogn,02607612,840
Angela Farden,codiro,31744692,841
Ursala Pernell,codytb,22744840,842
Leeland Greedy,codwqf,65613921,843
Teodoro Crofts,codjph,49862054,844
Edik Skudder,codyck,08968922,845
Keslie Godsmark,codcua,66184634,846
Estelle Rosenbaum,codeay,18185228,847
Marv MacCartan,codxcg,19976182,848
Elliott Fairbrother,codhpf,28426163,849
Jed Sulter,codyfv,13410170,850
Tildy Scarlin,codwio,08178869,851
Gill Cubin,codmfr,18127673,852
Kermy Addie,codrzp,50305264,853
Ernest Angeau,codlom,02098528,854
Ricki Clancy,codqdg,24380658,855
Bobbette Bedburrow,codtkm,31881556,856
Marylou Krolle,codsub,43980105,857
Hyacintha Portwaine,codkps,00887573,858
Massimo Astell,coduck,49929174,859
Isabelita Scamerden,codnqd,44323303,860
Glenn Fownes,codreg,33921704,861
Misty Jeanneau,codpbs,50617111,862
Randi Dowbekin,codquc,88273109,863
Martie Brearley,codyeu,95631135,864
Tabby McEntagart,codxgk,04997815,865
Merrel Johnsey,codrzv,49749776,866
Broderic Wimpeney,codohi,05243101,867
Langston Alvis,codzpe,85634744,868
Abigael Adamczyk,codill,36648184,869
Moe Schusterl,codbtk,14021525,870
Andreana Troughton,codmrg,44436134,871
Virgina Partridge,codtyq,64146027,872
Alvinia Colerick,codfzn,38846022,873
Artemis Schollar,codtdr,97861795,874
Bobbe Owthwaite,codpwg,60343580,875
Richart Reedyhough,coduah,77852479,876
Kasper Somerton,codgzj,45531166,877
Archibold Ales,codzvo,60486596,878
Gasper Alchin,codeje,06157886,879
Felecia Meaddowcroft,coduvm,46831706,880
Federica Dower,codlgs,87481092,881
Crin Gallehock,codijv,51752075,882
Anders Donisthorpe,codand,19978661,883
Brendon Fasset,codexv,87002819,884
Joshua MacCathay,codfsq,37256002,885
Fernando Bartul,codjak,22404391,886
Earvin End,codtrg,46246415,887
Felisha Timbrell,codooc,40754914,888
Vonny Tugwell,codoae,00486591,889
Fayth Haglinton,codogi,69583713,890
Lettie Struss,codrsp,79482116,891
Jolene Lippini,codrve,35621519,892
Enriqueta Spurrett,codiij,17703010,893
Ab Waterhowse,codctu,84622106,894
Koenraad Nibley,codxit,15019530,895
Grannie Alcott,coduth,78909712,896
Emmi Jaskowicz,codvvz,26947366,897
Charis Jewett,codxsh,25625673,898
Rees Tomini,codlrc,32220239,899
Joana Aire,codqlb,19902870,900
Sylas Menary,codqnx,97923552,901
Jody Chapiro,codibg,82134520,902
Ody Strotton,codrkl,28255794,903
Meredith Klaves,coddfc,51829421,904
Sandro Fairbrace,codzgr,52301699,905
Shaina Bartelet,codtkj,12602554,906
Mendie Emmanueli,codyhr,10993699,907
Morgana Jeppensen,codubo,02943898,908
Janine McGuiney,coduwo,16567776,909
Carmella Girardet,codrak,12897703,910
Theresita Rosterne,codjjf,57556108,911
Tamarra Mabb,codvzq,81830424,912
Sonja Takos,codpjc,56430493,913
Chryste Beckett,codcog,44916834,914
Dolores Corstan,codlfv,57742878,915
Yale Coghill,codnvb,72969824,916
Giacopo Presnail,codrwm,47218524,917
Adaline Bailie,codvya,18909879,918
Jean Riccardi,codjsl,08501841,919
Averyl Cunrado,codpxx,67859263,920
Renata Osment,codbmk,67509283,921
Christal Withrington,codmxq,95907473,922
Mic Bucklee,codmsp,79694920,923
Krista MacSkeagan,codtga,93387255,924
Walther Sarsons,codejg,21887094,925
Bambie Bettley,codkga,46695879,926
Georges Gedney,coddwz,55605838,927
Klara Missen,codfjn,54275793,928
Dal Freebury,codufa,15742337,929
Merrielle Caile,codoje,82412572,930
Celestyna Prendergast,codwtx,34376432,931
Merrill Vallerine,codjya,65129431,932
Trish Dawbery,codxir,44579266,933
Spike Gaiter,codmkj,03290012,934
Bronson Scaife,codlqk,20485666,935
Dev Hantusch,codjns,48921122,936
Ariel Schulter,codwqq,81402710,937
Cassie Darby,codosy,19312108,938
Marleah Domanski,codzsm,81920326,939
Hildegarde Penkethman,codeoy,85355391,940
Cherye Matyja,codgxq,47805509,941
Parrnell Wallis,codchs,70306625,942
Zena Larder,codtog,48066865,943
Travus Mance,codmoh,42364804,944
Tersina Harriday,coddjp,35811242,945
Orsa Dobinson,codynj,10665817,946
Nathanil Henden,codstj,28489711,947
Eolande Verrick,codgpk,42575001,948
Henrik Supple,codchu,68279955,949
Nigel Kliemann,codgop,11357008,950
Brandtr Allott,codsoq,68954973,951
Eldredge Harler,codegt,15270230,952
Amelie McClinton,codulu,94468154,953
Tallie Coundley,codrxb,08891546,954
Von Paszek,codrpo,82681247,955
Gian Hawarden,codqtl,67644477,956
Korry Castagnaro,codkae,44348360,957
Clarice Bottell,codoeo,12390172,958
Willem Campa,coddvt,50236867,959
Alister Austin,codnci,94313430,960
Hew Hiscocks,codyma,84384033,961
Basile Grattan,codhnr,58621983,962
Marianne Pietsma,codpzo,98920903,963
Rebeka Mulqueen,codixu,65459377,964
Karia Halfpenny,codwyl,42419711,965
Madel Boughen,codccv,02808069,966
Cordey Chadbourne,codvvs,66002196,967
Petronilla Lynagh,codhsp,13007713,968
Thaddeus Terbeek,codfkh,71615754,969
Clyve Pieche,codjpy,19522573,970
Lani Pridden,codttk,99556103,971
Karlyn Ioannidis,codrjv,58172269,972
Nicholle Meadowcraft,codqwf,35613024,973
Andie Hammon,codxjo,95648631,974
Faustina Collyns,codsrt,33528424,975
Torrin Eccleston,codbcc,11590709,976
Alvinia Caulcott,codcvi,46291575,977
Roslyn Castanares,coddmn,92514175,978
Ruben Washington,codlbb,07882628,979
Cookie Henworth,codmar,09174608,980
Cherry Reicherz,codsxx,57374239,981
Christian Hurlin,codjkf,46924055,982
Tessa Marsland,codxrj,68423641,983
Hilton Thame,codxxc,03257281,984
Renate Dennert,codfvz,15481965,985
Arie Nutter,codzef,55404136,986
Henriette Barkhouse,codaqq,81298860,987
Danella Pridham,codpfn,05054863,988
Gwendolen Motto,codapq,09871538,989
Ola Stolting,codfos,06308599,990
Miltie Tocque,codwqi,51050040,991
Christye Spraggs,codndf,69614540,992
Jarret Kann,codyzv,37111364,993
Katlin Stolze,codtgy,19054162,994
Aline von Grollmann,codcdn,37097687,995
Daniella Lanphere,codzsf,33061219,996
Tyson Quayle,codhwg,68624503,997
Franny Rogan,codock,55490458,998
Laurene Pavia,codzrb,09278042,999
Flory Kiehne,codpcf,47995570,1000
