id_usuario,direccion
1,174 Loftsgordon Street
2,18121 Cambridge Drive
3,990 Vernon Court
4,40836 Reindahl Crossing
5,21 Swallow Crossing
6,14620 Garrison Trail
7,91013 Hauk Avenue
8,594 Prairie Rose Trail
9,002 Farwell Circle
10,6283 Eggendart Lane
11,30 Dayton Place
12,42934 Butternut Plaza
13,52 Scoville Avenue
14,03 Lakewood Gardens Avenue
15,4159 Westerfield Avenue
16,6 Miller Point
17,863 Emmet Park
18,62495 Banding Junction
19,308 Ridgeview Point
20,701 Cottonwood Parkway
21,2644 Vera Crossing
22,6726 Sugar Terrace
23,89756 Thierer Trail
24,3548 Pleasure Alley
25,4694 Express Center
26,8 Mockingbird Park
27,525 Steensland Trail
28,0 Orin Place
29,89 Lawn Point
30,4 Hermina Drive
31,07 Trailsway Plaza
32,1230 1st Parkway
33,45487 Macpherson Pass
34,008 Hansons Trail
35,09 Scofield Pass
36,503 Buell Park
37,1 Morrow Avenue
38,3 Talmadge Park
39,73 Sloan Street
40,6 Walton Hill
41,6023 Talmadge Center
42,57 Oneill Terrace
43,80 Clyde Gallagher Avenue
44,0 Dovetail Way
45,1736 Marquette Park
46,4 Loftsgordon Center
47,425 Anniversary Circle
48,06 Meadow Ridge Plaza
49,73 Sauthoff Plaza
50,8609 Transport Crossing
51,7731 Tennyson Point
52,294 Novick Junction
53,209 Nobel Terrace
54,75 Sunnyside Street
55,2 Transport Circle
56,9 Clemons Point
57,82 Independence Lane
58,35 Golf Course Point
59,14 Springview Terrace
60,4 Butternut Trail
61,2 Marcy Parkway
62,02390 Hansons Point
63,04 Maple Wood Road
64,001 Heffernan Pass
65,75 Kim Parkway
66,0124 Oak Valley Avenue
67,7100 Karstens Court
68,2973 Swallow Park
69,4 Del Mar Park
70,7 Homewood Circle
71,85650 Hollow Ridge Park
72,935 Debs Parkway
73,7 Sundown Lane
74,5994 Commercial Road
75,50 Loeprich Crossing
76,52625 Anzinger Way
77,0 Bowman Place
78,58151 Orin Center
79,44227 Larry Hill
80,53 Fisk Park
81,7 Briar Crest Park
82,474 Scott Center
83,1 Loeprich Way
84,549 Gulseth Pass
85,75876 New Castle Place
86,4378 Miller Point
87,12 Ronald Regan Park
88,7 Pierstorff Center
89,32293 Dahle Point
90,488 Wayridge Alley
91,9286 Center Alley
92,407 Towne Crossing
93,8 Bultman Plaza
94,573 Prairie Rose Junction
95,6 Meadow Vale Road
96,96529 Blaine Crossing
97,27 Blackbird Plaza
98,7500 Amoth Hill
99,53 Magdeline Crossing
100,592 Fair Oaks Center
101,0 Farmco Trail
102,630 Brentwood Pass
103,9 Swallow Avenue
104,13 Waubesa Junction
105,574 Hanover Road
106,20 Barnett Avenue
107,68 Grover Street
108,799 Lerdahl Street
109,40 Grim Crossing
110,096 Walton Trail
111,1 Tony Center
112,36 New Castle Way
113,819 Canary Avenue
114,39132 Golf View Road
115,99 Oak Valley Point
116,7 Clove Pass
117,81 Iowa Way
118,339 Hoepker Point
119,5912 Mariners Cove Park
120,76410 Division Way
121,75676 Pennsylvania Terrace
122,2392 Eastlawn Plaza
123,94 Coleman Drive
124,448 Maryland Crossing
125,871 3rd Lane
126,7 Lerdahl Circle
127,6465 Kingsford Park
128,4 Garrison Park
129,7379 Macpherson Center
130,22790 Nelson Park
131,13 Moland Center
132,92678 Mallard Road
133,004 Cardinal Crossing
134,999 Carpenter Road
135,78 Dottie Lane
136,12818 Butternut Hill
137,89196 Spenser Junction
138,7 Barnett Crossing
139,6041 Darwin Way
140,960 Hauk Avenue
141,21 Nelson Drive
142,021 Mandrake Hill
143,641 Holmberg Crossing
144,06 Norway Maple Court
145,7381 Montana Avenue
146,48221 Shoshone Place
147,671 Northland Hill
148,3744 Burrows Center
149,748 Nobel Court
150,78163 Vernon Street
151,8 Del Mar Terrace
152,763 Butterfield Avenue
153,6495 Mayer Street
154,566 Oak Trail
155,11185 Farragut Park
156,23 Heffernan Hill
157,2383 North Road
158,9 Walton Road
159,507 Cody Pass
160,8 Sutherland Plaza
161,5831 Sauthoff Point
162,8578 Vera Circle
163,588 Bashford Center
164,58 Springs Alley
165,4707 Karstens Road
166,51 Havey Alley
167,4386 Meadow Valley Crossing
168,9519 Warrior Place
169,57796 Sunnyside Road
170,4354 Weeping Birch Avenue
171,81 Portage Place
172,05 Sutherland Point
173,03 Anniversary Park
174,02573 Aberg Parkway
175,965 Maywood Park
176,70 Rowland Avenue
177,1791 American Ash Center
178,8987 Dryden Lane
179,112 Oakridge Park
180,5488 Northfield Center
181,57114 Old Shore Pass
182,680 Golf Pass
183,442 Arrowood Junction
184,6 Cottonwood Pass
185,62516 Dayton Park
186,45 Lindbergh Junction
187,569 Stephen Road
188,7 Maple Wood Alley
189,69 Gulseth Park
190,77771 Haas Trail
191,3 Lyons Point
192,3027 Schmedeman Way
193,417 School Hill
194,7162 Buena Vista Parkway
195,13175 Acker Parkway
196,2 Bonner Road
197,3 Marquette Place
198,795 Rigney Alley
199,6178 Dottie Park
200,44353 Clyde Gallagher Center
201,92 Bluestem Crossing
202,119 Weeping Birch Point
203,8 Union Center
204,3471 Butternut Park
205,815 Scott Street
206,822 Scofield Center
207,4 Thackeray Lane
208,920 Brown Pass
209,0133 Old Shore Lane
210,03851 Columbus Pass
211,6004 Melvin Junction
212,788 Clarendon Place
213,6 Brickson Park Drive
214,0 Canary Way
215,5 Linden Point
216,549 Clyde Gallagher Circle
217,4363 Algoma Point
218,58 Elgar Junction
219,71 Dahle Terrace
220,19 Summerview Park
221,08 Nova Park
222,33692 Jackson Drive
223,417 Lerdahl Way
224,0 Karstens Point
225,685 Darwin Road
226,6 West Court
227,53 Hauk Place
228,0 Parkside Court
229,864 East Lane
230,7 Continental Trail
231,89505 Schiller Junction
232,29886 New Castle Hill
233,1 Manley Lane
234,0306 Schlimgen Circle
235,8 Ronald Regan Road
236,4610 Blue Bill Park Junction
237,821 Dapin Trail
238,63 West Circle
239,7 Kennedy Place
240,43682 Farmco Plaza
241,5 Merrick Pass
242,35 Melby Junction
243,671 Tomscot Alley
244,50 Morrow Place
245,596 Corry Way
246,93149 Lyons Avenue
247,7 Novick Street
248,2895 Scott Street
249,78 Jenifer Parkway
250,1 Pierstorff Point
251,6 Pearson Terrace
252,15328 Monica Avenue
253,77 Killdeer Parkway
254,1775 Maywood Point
255,71020 Tennyson Way
256,017 Chive Lane
257,359 International Road
258,13 Shoshone Avenue
259,710 Sauthoff Plaza
260,5 Packers Park
261,80138 Nova Terrace
262,8339 Lyons Alley
263,07309 Springview Pass
264,6 Shopko Place
265,3 Lotheville Road
266,01375 Autumn Leaf Plaza
267,38 Prairie Rose Parkway
268,43 Namekagon Road
269,4582 Reinke Plaza
270,89507 Tomscot Court
271,55431 Monica Center
272,30 Browning Circle
273,54 Boyd Hill
274,54 Oriole Crossing
275,10209 Sheridan Center
276,501 Blaine Circle
277,4710 Ilene Court
278,95 Monument Center
279,64 Sugar Parkway
280,704 Arkansas Street
281,7742 Doe Crossing Court
282,326 Hauk Place
283,0 Derek Terrace
284,0 International Circle
285,3367 Karstens Avenue
286,48 Vermont Pass
287,86425 Hovde Parkway
288,66 Burning Wood Pass
289,4709 Harper Drive
290,98295 Burrows Pass
291,6 Starling Avenue
292,91667 Cordelia Lane
293,149 Basil Plaza
294,3452 Hanson Drive
295,24698 Lyons Terrace
296,9 Nobel Pass
297,58 Prairie Rose Crossing
298,8648 Kedzie Parkway
299,4314 Lake View Way
300,921 Laurel Alley
301,30437 Tony Crossing
302,25 Spenser Parkway
303,8 Duke Crossing
304,386 Rockefeller Circle
305,623 Northwestern Alley
306,83 Charing Cross Hill
307,49341 Arapahoe Crossing
308,9297 Forest Center
309,9 Arkansas Junction
310,1290 Waywood Court
311,87842 Fuller Lane
312,3 Veith Point
313,899 Graedel Road
314,3556 Pepper Wood Avenue
315,7 Homewood Park
316,75233 Green Ridge Circle
317,00371 Buell Pass
318,0 Pennsylvania Park
319,9668 Declaration Park
320,092 Carioca Circle
321,449 Glendale Terrace
322,261 Rigney Trail
323,104 Eggendart Center
324,51786 Gateway Crossing
325,9 Cambridge Circle
326,512 Northfield Alley
327,4500 Arizona Point
328,811 Hollow Ridge Way
329,66 Del Sol Place
330,38862 Sutherland Plaza
331,22 Crownhardt Lane
332,92 Menomonie Crossing
333,3658 Anderson Alley
334,715 Westerfield Park
335,57 Glendale Trail
336,28 Golf View Place
337,61018 John Wall Point
338,60 Waxwing Drive
339,65140 Golf Way
340,005 South Point
341,5 South Circle
342,1989 4th Trail
343,99963 Forest Run Terrace
344,52654 Nelson Center
345,1595 Fieldstone Park
346,98 Eggendart Junction
347,927 Mallory Park
348,374 Kenwood Hill
349,95 Katie Street
350,76 Debs Trail
351,95 1st Road
352,83 Hagan Street
353,6779 Northwestern Parkway
354,6364 Shelley Plaza
355,1621 Manitowish Avenue
356,44607 Anthes Center
357,8 Arizona Avenue
358,96 Warbler Place
359,6171 Roxbury Place
360,768 Wayridge Circle
361,2680 Thackeray Lane
362,88694 Jenifer Avenue
363,80 Nova Plaza
364,8911 Judy Road
365,230 Eagle Crest Parkway
366,98447 Mendota Terrace
367,967 Eagan Lane
368,114 Fair Oaks Drive
369,0 Jenifer Plaza
370,8477 Northport Point
371,292 Banding Avenue
372,22713 Moland Alley
373,2853 Mosinee Junction
374,420 Rowland Court
375,34803 Armistice Circle
376,7 Brickson Park Hill
377,21 New Castle Avenue
378,10756 Knutson Avenue
379,7 Amoth Road
380,7154 Meadow Vale Parkway
381,991 Ridge Oak Center
382,562 Russell Alley
383,50 Bartelt Terrace
384,63 Lunder Plaza
385,6036 Killdeer Center
386,05 Harbort Terrace
387,84493 Hoffman Plaza
388,365 Monument Point
389,251 Pankratz Avenue
390,64 Manufacturers Street
391,3738 Grover Center
392,8629 Sommers Alley
393,4748 Hayes Center
394,75685 Westport Pass
395,91 Almo Street
396,4 Mifflin Parkway
397,3 Reindahl Street
398,0 Comanche Junction
399,6 Center Center
400,7843 Dapin Court
401,56 Moulton Alley
402,92 Autumn Leaf Crossing
403,3 Clemons Junction
404,273 Hermina Lane
405,566 Dayton Way
406,507 Delladonna Point
407,31866 Rutledge Circle
408,1412 Farmco Hill
409,07 Leroy Hill
410,7 Roth Alley
411,724 Nelson Hill
412,20 Hazelcrest Plaza
413,72 Bluejay Center
414,0 Farmco Lane
415,6 Bultman Drive
416,6 Stuart Parkway
417,456 Mccormick Circle
418,8094 Mcbride Alley
419,3602 Pankratz Trail
420,68104 Schmedeman Hill
421,25720 Dawn Avenue
422,5771 Crowley Way
423,11 Orin Center
424,903 Warrior Road
425,731 Stephen Avenue
426,5612 Lotheville Trail
427,10 Heath Parkway
428,2219 Schlimgen Crossing
429,4 Maple Wood Lane
430,16 Buena Vista Drive
431,8 Sunbrook Drive
432,671 Esker Parkway
433,713 Del Sol Circle
434,086 Pond Circle
435,2799 Schlimgen Alley
436,0 Bellgrove Road
437,847 Talisman Street
438,27 Browning Plaza
439,88 Pepper Wood Plaza
440,4 Crest Line Point
441,44108 Monica Junction
442,96 Orin Court
443,24559 Raven Pass
444,408 Rieder Alley
445,989 Arrowood Alley
446,62681 Ryan Way
447,1 Washington Plaza
448,29 Old Gate Crossing
449,21 Daystar Hill
450,78931 Roth Lane
451,53 Columbus Parkway
452,14 Golf View Center
453,57320 Mccormick Drive
454,43760 Brentwood Court
455,4 Union Way
456,906 Coolidge Plaza
457,518 Pond Center
458,37 Spaight Lane
459,862 Morningstar Terrace
460,57233 Arapahoe Alley
461,63 Anhalt Center
462,6459 Doe Crossing Pass
463,21262 Walton Junction
464,1 Hoard Way
465,5 Fairview Lane
466,7233 Anderson Point
467,01 Lawn Park
468,9910 Pond Parkway
469,36 Goodland Alley
470,96 Riverside Place
471,642 Milwaukee Circle
472,8901 Scott Road
473,538 Morningstar Alley
474,42 Brickson Park Point
475,545 Mcguire Drive
476,26274 Hanson Place
477,95138 Norway Maple Circle
478,4029 Moose Park
479,9 Katie Alley
480,988 Derek Trail
481,9 Continental Drive
482,79678 Sullivan Hill
483,44348 Park Meadow Hill
484,9 Lunder Road
485,9712 Maryland Junction
486,19 Charing Cross Pass
487,8820 Grayhawk Crossing
488,36133 Randy Way
489,021 Dakota Junction
490,7 Spaight Point
491,3 Linden Drive
492,4042 Clemons Circle
493,96020 Grayhawk Point
494,25 Daystar Park
495,75 Vidon Circle
496,45957 Grayhawk Center
497,05368 Golf View Way
498,188 Harper Hill
499,9 Di Loreto Crossing
500,51735 Melvin Plaza
501,47678 Northridge Court
502,0 Lillian Road
503,05786 John Wall Avenue
504,8 Harbort Lane
505,5164 Arkansas Crossing
506,4 Talisman Way
507,2 Pankratz Parkway
508,5 Lindbergh Avenue
509,904 Bowman Lane
510,2 Pepper Wood Street
511,90549 Almo Alley
512,77 Fairfield Drive
513,3 Springview Terrace
514,9 Ramsey Trail
515,3160 Eagan Alley
516,8 Summer Ridge Plaza
517,38129 Prairieview Park
518,0451 Bonner Junction
519,6 Farmco Pass
520,3 Buell Place
521,4819 Muir Center
522,65 Delaware Lane
523,31 Nobel Drive
524,95 Messerschmidt Junction
525,4 Pepper Wood Avenue
526,711 Sutteridge Terrace
527,49 Thompson Point
528,5015 Leroy Court
529,21973 Briar Crest Crossing
530,38561 Springs Court
531,187 Merchant Trail
532,3222 Ridgeview Drive
533,876 Amoth Road
534,16162 Prentice Trail
535,173 Menomonie Way
536,4 Loomis Parkway
537,2 Acker Avenue
538,540 Thackeray Alley
539,5 Gerald Plaza
540,5090 Holy Cross Center
541,665 Cardinal Center
542,53 Ramsey Street
543,0655 Sommers Crossing
544,4673 Macpherson Avenue
545,1 Hazelcrest Parkway
546,1 Fordem Trail
547,183 Meadow Ridge Plaza
548,2314 Northport Alley
549,7804 Derek Center
550,4 Sauthoff Terrace
551,4 International Parkway
552,558 Forest Way
553,439 Roth Park
554,0 Del Sol Parkway
555,580 Laurel Center
556,2013 Upham Alley
557,36810 Lakeland Junction
558,39 Mcbride Parkway
559,77 Longview Parkway
560,57 5th Parkway
561,85479 Jackson Plaza
562,724 Helena Circle
563,81058 Bay Lane
564,53158 Havey Center
565,720 Dwight Circle
566,976 American Way
567,42 Ryan Way
568,29270 Jenifer Road
569,9884 Esch Hill
570,6 Duke Place
571,4649 5th Plaza
572,66680 Oakridge Lane
573,4 Delladonna Road
574,28 Calypso Parkway
575,4 Farwell Point
576,04 Armistice Crossing
577,14651 Heath Point
578,4112 Kim Terrace
579,6302 Pennsylvania Lane
580,198 Sachs Avenue
581,195 Carpenter Plaza
582,20 Cambridge Crossing
583,077 Longview Avenue
584,871 Glendale Center
585,822 Mosinee Parkway
586,37 Sachs Crossing
587,5 Dahle Pass
588,1448 Monica Trail
589,1175 Boyd Trail
590,80904 Ridgeview Court
591,067 Sunnyside Way
592,8281 Golf View Hill
593,3 Sundown Alley
594,2 Springview Pass
595,7 Northland Court
596,96 Menomonie Avenue
597,4815 Duke Drive
598,2 Crest Line Center
599,3585 Dahle Trail
600,63613 Morningstar Trail
601,30920 Graceland Drive
602,7195 Surrey Plaza
603,7810 Michigan Way
604,53123 Derek Avenue
605,6 Stoughton Trail
606,13437 Twin Pines Hill
607,07 Badeau Junction
608,86 Corscot Avenue
609,1963 Tennessee Pass
610,344 Spenser Hill
611,3567 Mayer Way
612,85 Westridge Pass
613,11804 East Court
614,6313 Badeau Place
615,0567 Monument Drive
616,755 Reindahl Terrace
617,829 Melody Junction
618,45721 Rowland Point
619,47 Dunning Court
620,08 Troy Park
621,83315 Wayridge Center
622,4102 Thackeray Street
623,84 High Crossing Crossing
624,0098 Nancy Hill
625,72847 Northfield Street
626,94 Straubel Alley
627,7363 Village Green Street
628,13 Mayer Place
629,63054 Melby Park
630,3 Redwing Junction
631,5 Express Plaza
632,63671 Fallview Park
633,4 Michigan Plaza
634,63150 Eggendart Hill
635,510 Moose Road
636,284 Sheridan Center
637,562 Sundown Circle
638,7889 Ronald Regan Drive
639,2 Homewood Hill
640,80811 Thompson Way
641,60843 Emmet Point
642,90395 Sage Park
643,058 Elka Drive
644,35876 Sugar Crossing
645,8 Atwood Road
646,9081 Milwaukee Park
647,92 Redwing Avenue
648,02392 Crownhardt Junction
649,72411 Tomscot Plaza
650,65752 Scott Court
651,57366 Lotheville Way
652,0970 Hoffman Lane
653,7 Granby Lane
654,9 Grover Hill
655,57504 Russell Parkway
656,343 Heath Hill
657,697 Prairie Rose Center
658,6635 Aberg Crossing
659,3 Mifflin Avenue
660,25 Kingsford Crossing
661,80792 Trailsway Road
662,63578 Crest Line Junction
663,15813 Jackson Hill
664,5693 Eastwood Crossing
665,93 Heffernan Drive
666,9 Becker Park
667,88 Heath Way
668,533 Gina Avenue
669,648 Ridgeway Center
670,10232 Southridge Junction
671,467 Bobwhite Point
672,20134 Badeau Way
673,851 Atwood Drive
674,14 Summerview Center
675,998 Weeping Birch Avenue
676,327 Roth Parkway
677,8 Cherokee Avenue
678,1235 Kenwood Trail
679,67499 Merry Drive
680,2882 Dayton Junction
681,374 Linden Point
682,5 Moulton Pass
683,52 American Ash Lane
684,9 Swallow Street
685,8 Bobwhite Hill
686,7744 Toban Junction
687,6 Walton Crossing
688,8135 Ludington Court
689,85 Express Drive
690,5088 Harper Junction
691,83693 Mockingbird Pass
692,7 Crowley Avenue
693,4596 Debra Center
694,2105 Jackson Circle
695,67103 Northport Park
696,4801 Twin Pines Way
697,5 Morrow Center
698,709 Weeping Birch Avenue
699,47 Mifflin Avenue
700,7 Macpherson Court
701,24 Canary Pass
702,09455 Corben Alley
703,26025 Petterle Way
704,0 Leroy Point
705,00556 Moulton Terrace
706,51 Westridge Road
707,5589 Anniversary Place
708,92363 Northridge Plaza
709,60 Ridge Oak Pass
710,3 Lawn Circle
711,77276 Twin Pines Park
712,331 Hanover Drive
713,569 Prairie Rose Pass
714,68 Bowman Alley
715,2762 Service Center
716,473 Cody Point
717,55817 Dawn Park
718,4573 Tomscot Crossing
719,699 Garrison Park
720,48 Karstens Court
721,0420 Valley Edge Way
722,92 Moulton Hill
723,24 Moulton Plaza
724,843 Fordem Circle
725,835 Sherman Plaza
726,99 Debra Street
727,58 Division Way
728,79 Lillian Alley
729,4529 Morning Street
730,687 Burrows Hill
731,7478 Lukken Hill
732,11 Clarendon Center
733,672 Northland Way
734,08 Thompson Lane
735,77319 Nobel Court
736,737 Sage Way
737,6392 Bluejay Hill
738,0 Green Trail
739,99 Declaration Trail
740,82196 Loeprich Park
741,51357 Arkansas Lane
742,56268 Gateway Street
743,900 Buena Vista Way
744,48924 Donald Trail
745,410 Manley Alley
746,9 Milwaukee Trail
747,596 Forest Avenue
748,8815 Oriole Pass
749,16121 Michigan Street
750,264 Gateway Place
751,38 Jackson Road
752,5925 Hoard Parkway
753,29404 Magdeline Drive
754,2788 Burning Wood Hill
755,59 Moland Alley
756,97330 Pennsylvania Point
757,63 Stone Corner Hill
758,7 Becker Street
759,72 Gateway Point
760,79 Holmberg Terrace
761,21 2nd Hill
762,34 Riverside Lane
763,784 Glacier Hill Trail
764,5 Schlimgen Drive
765,7 Stang Court
766,9152 Ludington Junction
767,360 Stoughton Drive
768,35 Dwight Circle
769,560 Schurz Drive
770,18409 Vidon Street
771,7 Westend Hill
772,3693 Bluejay Trail
773,6054 Moulton Place
774,80 Village Trail
775,48249 Center Drive
776,7 Fair Oaks Point
777,52 Leroy Avenue
778,66351 Rusk Center
779,822 Roth Hill
780,24318 Sugar Way
781,7 Parkside Lane
782,6 Mifflin Court
783,3425 Clarendon Terrace
784,412 Butternut Avenue
785,689 Graceland Plaza
786,44879 Hovde Terrace
787,13713 Everett Junction
788,6617 Reindahl Lane
789,95347 Eagan Terrace
790,25898 Petterle Drive
791,558 New Castle Place
792,5224 Esch Way
793,292 Prairie Rose Place
794,5220 Sheridan Plaza
795,60 Ronald Regan Hill
796,81109 Johnson Crossing
797,5 Golden Leaf Circle
798,5 Thompson Junction
799,721 Valley Edge Avenue
800,30 Raven Alley
801,53 Warner Point
802,81 Maple Wood Lane
803,418 Stoughton Road
804,98 Sunbrook Circle
805,5914 3rd Junction
806,625 Debs Terrace
807,4692 Mcguire Street
808,5319 Doe Crossing Lane
809,940 Charing Cross Alley
810,4029 Melvin Way
811,8587 Delaware Place
812,8 Banding Place
813,745 Lighthouse Bay Point
814,99 Fuller Park
815,96 Lakewood Lane
816,4 Ramsey Avenue
817,028 Bultman Crossing
818,126 Park Meadow Lane
819,15944 Debs Drive
820,606 Kedzie Trail
821,809 Heath Road
822,618 Schiller Plaza
823,714 Northridge Way
824,906 Dennis Alley
825,666 Bobwhite Place
826,4897 Vahlen Plaza
827,8428 Londonderry Road
828,59320 Sachtjen Street
829,11618 Kinsman Terrace
830,4431 Monument Park
831,9136 Arapahoe Parkway
832,30 Warrior Crossing
833,9 Utah Way
834,7 Washington Center
835,37171 Dovetail Place
836,65815 Boyd Plaza
837,45935 Old Gate Alley
838,2 North Alley
839,597 Maryland Plaza
840,61971 Acker Junction
841,6 Mitchell Center
842,68291 Dorton Road
843,409 Schurz Parkway
844,3860 Ohio Parkway
845,3701 Ryan Circle
846,835 Erie Crossing
847,10519 Linden Center
848,464 Mandrake Street
849,791 Heffernan Hill
850,1 Holmberg Way
851,6 Cardinal Point
852,6912 Dayton Road
853,57888 Declaration Plaza
854,5 Lakewood Plaza
855,15 Autumn Leaf Crossing
856,3369 Daystar Trail
857,06481 Crowley Alley
858,458 Grayhawk Drive
859,8853 Red Cloud Alley
860,55879 Leroy Crossing
861,8571 Memorial Trail
862,005 Amoth Hill
863,2 Northland Road
864,991 Ridgeview Avenue
865,945 Leroy Crossing
866,1 Waubesa Street
867,793 Loftsgordon Point
868,8 Kinsman Parkway
869,95 North Point
870,21 Boyd Road
871,58931 Rutledge Road
872,856 Monica Pass
873,4097 Dayton Road
874,4 Logan Way
875,1 Boyd Place
876,6 Sherman Lane
877,19 Weeping Birch Court
878,68 Graedel Park
879,9 Kinsman Hill
880,64 Gulseth Terrace
881,353 Pawling Plaza
882,0385 Crescent Oaks Road
883,5 Parkside Point
884,8957 Manufacturers Avenue
885,3561 Meadow Valley Center
886,04186 Bayside Park
887,1538 Holmberg Street
888,3 Moose Terrace
889,27 Upham Plaza
890,31004 Moose Court
891,39002 Farmco Parkway
892,4529 Hoffman Pass
893,73 Russell Way
894,73 Northport Park
895,65 Marquette Pass
896,95 Butterfield Avenue
897,6761 Swallow Junction
898,83 Hoffman Park
899,63 Cordelia Way
900,36 Nancy Junction
901,439 Portage Trail
902,69 Johnson Terrace
903,744 Brentwood Way
904,5 Moulton Terrace
905,09470 Hoffman Point
906,87615 Michigan Road
907,03856 Bayside Street
908,5 Garrison Point
909,01 Longview Circle
910,725 Sugar Way
911,3802 1st Trail
912,1892 International Park
913,3 Gulseth Plaza
914,0851 Weeping Birch Circle
915,28451 Bultman Crossing
916,694 Anniversary Circle
917,28149 Clarendon Trail
918,5658 Eagle Crest Street
919,22607 Magdeline Way
920,99 Butterfield Hill
921,1 Pine View Center
922,94 Northfield Way
923,97 Harper Alley
924,109 Birchwood Center
925,94 Dixon Trail
926,25515 Mcbride Circle
927,999 Farwell Crossing
928,24 Prairieview Plaza
929,312 Fisk Center
930,21386 Novick Alley
931,862 Del Mar Point
932,37 Clarendon Hill
933,2378 Macpherson Point
934,6 Algoma Court
935,9 Gina Street
936,07 Laurel Center
937,1689 Harbort Center
938,2 Alpine Lane
939,87 Anthes Parkway
940,2906 Norway Maple Plaza
941,65 Charing Cross Parkway
942,05062 Hermina Road
943,5097 Grim Pass
944,72884 Lotheville Park
945,99 Almo Court
946,6 Spohn Crossing
947,8 Declaration Point
948,65452 8th Trail
949,5 Hansons Street
950,6274 Garrison Plaza
951,1 Hoard Way
952,82841 Delaware Court
953,0791 Thompson Pass
954,1 Bultman Court
955,25314 Hudson Circle
956,8 Karstens Terrace
957,1907 Rowland Place
958,3368 David Trail
959,461 Loomis Circle
960,6022 Jana Crossing
961,28 Farmco Pass
962,0425 Carey Terrace
963,8 Macpherson Avenue
964,2 Bultman Circle
965,40931 Florence Circle
966,7324 Birchwood Junction
967,5 Evergreen Road
968,956 Hoepker Terrace
969,03407 Marquette Crossing
970,74014 2nd Point
971,1304 Spenser Parkway
972,9591 Armistice Place
973,6 Corben Crossing
974,687 Glendale Parkway
975,3117 Monterey Junction
976,1448 Northfield Parkway
977,2764 Redwing Parkway
978,3263 Birchwood Plaza
979,43044 Morning Park
980,29632 Continental Drive
981,52712 Dovetail Plaza
982,73 Sugar Alley
983,48538 Colorado Trail
984,195 Sundown Circle
985,83907 Delaware Avenue
986,599 Michigan Avenue
987,3271 Oak Drive
988,24982 Onsgard Junction
989,43949 Nevada Parkway
990,85696 Shasta Terrace
991,7860 Jenna Road
992,0 Springview Terrace
993,7 Pawling Court
994,55 Jay Lane
995,7665 Bultman Crossing
996,5422 Tomscot Center
997,1 David Place
998,6 Tomscot Way
999,1 Packers Crossing
1000,759 Macpherson Junction
